"","model","latency","efficacy","precision","participant","efficacyEstimate","latencyEstimate","precisionEstimate","val","pLRTest"
"1","Normal",1.5,0.7,0.84,1,0.666690877801916,1.41616758904483,0.92664618176742,484.531681904208,1.59315346198978e-67
"2","Gamma",1.5,0.7,0.84,1,0.713999119996109,2.67995369371044,0.548374808555111,451.471583618934,2.57795906806037e-82
"3","Normal",2,0.7,0.84,1,0.71640249769789,2.06108503766833,0.91475845470704,464.861469458167,3.91214818650921e-77
"4","Gamma",2,0.7,0.84,1,0.685210726278108,7.85429237397049,0.262510918370525,454.468951857975,6.36426506281697e-81
"5","Normal",1.5,0.9,0.84,1,0.911068477063446,1.51201738099501,0.821295075985468,335.084305528266,1.07890109544596e-130
"6","Gamma",1.5,0.9,0.84,1,0.893175278244486,3.36487510964567,0.419013293908574,323.946082672919,2.09865991766731e-135
"7","Normal",2,0.9,0.84,1,0.94009277076478,2.00273437233957,0.905356280872972,327.855065282476,2.69089641866192e-133
"8","Gamma",2,0.9,0.84,1,0.858520999660093,5.87411355088857,0.335021094664701,360.602719026089,4.55990293387282e-120
"9","Normal",1.5,0.7,1.2,1,0.714986327786147,1.46576427163063,1.21481492096073,494.381711797916,2.14615211536748e-64
"10","Gamma",1.5,0.7,1.2,1,0.703198422561517,1.70406354155387,0.794608400133222,470.261118063034,1.70095298233748e-74
"11","Normal",2,0.7,1.2,1,0.741027069392955,1.89455277586212,1.39295013990415,503.155993918518,4.74949229010134e-62
"12","Gamma",2,0.7,1.2,1,0.724600647798431,2.61956978924774,0.857715033995769,488.584014668263,4.03949261399109e-65
"13","Normal",1.5,0.9,1.2,1,0.925524463983509,1.66790023496758,1.24334075521485,392.457649451016,6.92692226745055e-107
"14","Gamma",1.5,0.9,1.2,1,0.935147778200492,1.6138128509951,0.947236534210125,355.210548007291,1.0088779432586e-121
"15","Normal",2,0.9,1.2,1,0.926333445471528,1.97581231038084,1.23112276565183,386.198317250104,5.66574116177841e-108
"16","Gamma",2,0.9,1.2,1,0.877704289847823,2.53445502186103,0.764404816942629,398.18517819593,7.7593229208436e-104
"17","Normal",1.5,0.7,0.84,2,0.771433919312083,1.5023400453936,0.906494183886203,435.164905520063,4.06745699632622e-89
"18","Gamma",1.5,0.7,0.84,2,0.761712055292256,2.48116360071968,0.588906532783599,430.694031811117,1.84183362969641e-90
"19","Normal",2,0.7,0.84,2,0.738107332175668,2.20348652213107,0.894513709362524,447.043301316012,6.54336443311903e-83
"20","Gamma",2,0.7,0.84,2,0.763131216454747,5.86007351569409,0.333431886961518,417.500589479067,8.10682044920773e-96
"21","Normal",1.5,0.9,0.84,2,0.92234667383488,1.50929592811655,0.829176579901758,327.224394923594,9.91323540769981e-134
"22","Gamma",1.5,0.9,0.84,2,0.908045243581147,3.33955142248153,0.419777730189099,315.771461792018,7.75608694996215e-139
"23","Normal",2,0.9,0.84,2,0.893312243225974,2.06235944815194,0.784245932802088,340.632623179016,2.59958488646614e-128
"24","Gamma",2,0.9,0.84,2,0.870894245982501,6.41572612675762,0.31579263131367,351.390324665608,1.08018508858327e-123
"25","Normal",1.5,0.7,1.2,2,0.664239016023943,1.436953955855,1.06572098708889,505.91744431392,1.66318326766687e-61
"26","Gamma",1.5,0.7,1.2,2,0.667935845301192,1.306817364786,1.36064421040751,515.603604682732,1.75771890147434e-54
"27","Normal",2,0.7,1.2,2,0.640131465902158,1.83658948658676,1.04940933657792,505.279620764178,3.28439487749004e-58
"28","Gamma",2,0.7,1.2,2,0.709964768621382,3.81621106509223,0.459332605739598,451.259879030518,7.23797409398161e-81
"29","Normal",1.5,0.9,1.2,2,0.905055986220847,1.49054396001344,1.14234340256011,387.288996906781,1.60119975073356e-107
"30","Gamma",1.5,0.9,1.2,2,0.878404757977779,1.72634366883068,0.783183071743301,373.379806934494,3.50786960619219e-114
"31","Normal",2,0.9,1.2,2,0.911524813034318,1.90508281104843,1.21816404433509,394.725534062904,3.45006053718396e-104
"32","Gamma",2,0.9,1.2,2,0.882684900783462,2.76064216004902,0.716681241127594,389.91965778198,1.66061467941789e-106
"33","Normal",1.5,0.7,0.84,3,0.659217384905612,1.52035427345888,0.758319793841133,473.554137900184,6.11034486339979e-74
"34","Gamma",1.5,0.7,0.84,3,0.713197383643069,4.48108605803752,0.317072508795129,421.23255265211,3.96281454545014e-95
"35","Normal",2,0.7,0.84,3,0.729208861227149,2.03810508430167,0.75129077246236,431.527788108594,1.65927291097044e-89
"36","Gamma",2,0.7,0.84,3,0.717958576035961,6.95848854787489,0.28853357884469,437.36719612427,1.45600010596446e-87
"37","Normal",1.5,0.9,0.84,3,0.908508458664538,1.46761130623287,0.804960682476933,332.945703835753,1.87036548899101e-131
"38","Gamma",1.5,0.9,0.84,3,0.892938952985475,3.83219111305931,0.385213794097669,319.713212593665,1.01252546057226e-136
"39","Normal",2,0.9,0.84,3,0.917760554577134,2.02224974006569,0.852723055332039,338.294393968045,6.41206376413539e-131
"40","Gamma",2,0.9,0.84,3,0.938415338134133,4.99418494707108,0.406509731342605,319.133733074677,5.89386142711393e-137
"41","Normal",1.5,0.7,1.2,3,0.711543844308494,1.62868400945743,1.20897626308984,491.137222332956,3.34294722620945e-64
"42","Gamma",1.5,0.7,1.2,3,0.791376627826657,1.40591794042545,1.11697147655252,446.311710615438,2.09570782440717e-83
"43","Normal",2,0.7,1.2,3,0.651418359726645,1.98725461607889,1.17256739721727,515.799071966991,1.79678899562881e-55
"44","Gamma",2,0.7,1.2,3,0.687943038057505,3.12110755496491,0.602481131611346,480.630789945933,3.72039627309298e-70
"45","Normal",1.5,0.9,1.2,3,0.891937004613857,1.47659572407473,1.14854681244117,398.469485892913,6.1917092598253e-104
"46","Gamma",1.5,0.9,1.2,3,0.851051300916699,1.74289182489918,0.886092871284624,411.123327707641,3.59252835618545e-99
"47","Normal",2,0.9,1.2,3,0.908367260646088,1.9184007675325,1.21758581224742,395.95837621356,7.25398674744405e-104
"48","Gamma",2,0.9,1.2,3,0.916739080110142,3.16024668349046,0.601506465197662,357.809413427938,2.07192427182682e-121
"49","Normal",1.5,0.7,0.84,4,0.69380217922902,1.5560014211323,0.863698525797017,465.609361127666,3.43504810352497e-75
"50","Gamma",1.5,0.7,0.84,4,0.688115676669823,3.59399607894193,0.446187378521888,459.655683158208,1.98393748125283e-79
"51","Normal",2,0.7,0.84,4,0.669232499049396,1.93784976479775,0.75032383559426,464.136469016053,2.40555462172107e-76
"52","Gamma",2,0.7,0.84,4,0.720255783393299,4.40006777089327,0.4405410967297,450.565739249887,6.24358178501479e-82
"53","Normal",1.5,0.9,0.84,4,0.90031116574636,1.46139781793676,0.80617076626644,339.864822204121,4.01602244018554e-129
"54","Gamma",1.5,0.9,0.84,4,0.897262489856914,3.283675839787,0.463563309012081,337.511871796545,6.8573763124908e-130
"55","Normal",2,0.9,0.84,4,0.903257138946746,2.05303867255212,0.752325176630504,326.888885668487,1.98414880509931e-134
"56","Gamma",2,0.9,0.84,4,0.907607855472019,5.28856074602051,0.37262670669103,335.180220121523,2.98176402935234e-131
"57","Normal",1.5,0.7,1.2,4,0.713836586033457,1.55930123921587,1.0527172146429,477.023344286037,1.12804604956047e-70
"58","Gamma",1.5,0.7,1.2,4,0.759177777158034,1.27418184943024,1.23839563956928,466.317154891114,2.02236471362769e-75
"59","Normal",2,0.7,1.2,4,0.750393636804455,2.00651071364356,1.2715885078534,480.245787415336,8.56332834935385e-69
"60","Gamma",2,0.7,1.2,4,0.732751335970371,2.31146526159762,0.870363119192678,480.106303471905,2.32087501715816e-70
"61","Normal",1.5,0.9,1.2,4,0.881630710998225,1.42656005016547,1.35612004230316,429.626751899214,1.70974598224589e-90
"62","Gamma",1.5,0.9,1.2,4,0.8965661713595,1.71683700935349,0.959869758248579,385.2901009867,2.94621798540582e-108
"63","Normal",2,0.9,1.2,4,0.934789286097341,1.92620713128617,1.21065123592624,380.118205631531,6.29825883574198e-111
"64","Gamma",2,0.9,1.2,4,0.871767314905078,3.01975575121393,0.610794611224375,382.449708983569,1.54195730817133e-110
"65","Normal",1.5,0.7,0.84,5,0.783075601182431,1.51602068048182,0.901782591264603,426.5701347358,2.30959034663944e-92
"66","Gamma",1.5,0.7,0.84,5,0.689487191254226,2.6587557020077,0.526829363610111,461.736347645225,1.08745090643116e-77
"67","Normal",2,0.7,0.84,5,0.726440267548585,2.08501152557893,0.852658446376298,453.311706065892,1.16334841001431e-82
"68","Gamma",2,0.7,0.84,5,0.705885239824121,7.82953328659367,0.271121047739122,442.979196898658,2.55594367107648e-84
"69","Normal",1.5,0.9,0.84,5,0.894788508249731,1.43764863633995,0.928942244577215,363.130875724295,1.12020543396466e-118
"70","Gamma",1.5,0.9,0.84,5,0.921848540671021,3.96717691207349,0.400149324654614,310.104017699678,9.05788401042167e-142
"71","Normal",2,0.9,0.84,5,0.910482282726864,2.01027883101924,0.846843420942592,339.334520192829,1.18861136463095e-128
"72","Gamma",2,0.9,0.84,5,0.931730377231219,6.53232928675692,0.320449580659136,312.066599834772,5.26787669357171e-140
"73","Normal",1.5,0.7,1.2,5,0.703864886089759,1.32515693009485,1.25709291973222,502.360679378128,5.05433258409732e-61
"74","Gamma",1.5,0.7,1.2,5,0.675855179933468,1.5265413564204,0.972929523230028,491.986561136321,1.53392723737082e-64
"75","Normal",2,0.7,1.2,5,0.657421004932003,2.04781129309367,1.01740749544513,494.756496988488,6.56828085086045e-62
"76","Gamma",2,0.7,1.2,5,0.744109324515861,2.55522847881276,0.811443846830437,474.664787545984,1.48972800073655e-72
"77","Normal",1.5,0.9,1.2,5,0.890892239763241,1.66205642738122,1.1472882653491,400.019861677979,6.58064760449409e-104
"78","Gamma",1.5,0.9,1.2,5,0.885597808992816,1.98243276507733,0.715713539710955,367.398236722706,2.1319690888951e-116
"79","Normal",2,0.9,1.2,5,0.869459961951948,1.99005722112495,1.12029039732975,406.438655774936,6.29735681931034e-100
"80","Gamma",2,0.9,1.2,5,0.876648670977267,2.24062234700625,0.995632535590608,422.887298097889,3.60812780133069e-93
"81","Normal",1.5,0.7,0.84,6,0.725781401355137,1.40620639102686,0.913115214179044,459.176028254218,3.74393590615232e-79
"82","Gamma",1.5,0.7,0.84,6,0.690058798993364,2.91992365826886,0.472388983376891,451.712494014838,2.73899135422678e-81
"83","Normal",2,0.7,0.84,6,0.720016451734531,2.09974405027488,0.886004155034074,455.206033408624,4.27223433247795e-80
"84","Gamma",2,0.7,0.84,6,0.730763617936071,6.70868374309032,0.290743570384576,428.601273693677,3.30083692743254e-91
"85","Normal",1.5,0.9,0.84,6,0.919323463160992,1.56808823700442,0.761206838106682,316.135851802154,1.06817981965347e-138
"86","Gamma",1.5,0.9,0.84,6,0.906478020984958,3.20565731512749,0.465842245238541,324.062424099915,2.57706574475921e-135
"87","Normal",2,0.9,0.84,6,0.882581472554431,2.02076497830262,0.834487900016937,361.18831583174,1.23468041260992e-121
"88","Gamma",2,0.9,0.84,6,0.914829187193799,5.52102546303311,0.362055864217656,327.466080064024,3.61931833266011e-134
"89","Normal",1.5,0.7,1.2,6,0.683690196726444,1.48605435302501,1.3540268490621,515.653711533091,8.02324445319378e-55
"90","Gamma",1.5,0.7,1.2,6,0.719036980109923,1.29092191014629,1.187684357487,481.151718150443,1.05766502984081e-68
"91","Normal",2,0.7,1.2,6,0.758752218761635,1.92018846817809,1.17307264484002,467.996748121672,4.1584033342619e-74
"92","Gamma",2,0.7,1.2,6,0.708134027412922,2.35751853278325,0.87010471576796,486.634777685278,2.4990253674172e-65
"93","Normal",1.5,0.9,1.2,6,0.880136155971092,1.54824940989782,1.16555953764886,409.039576278089,9.39232468700116e-100
"94","Gamma",1.5,0.9,1.2,6,0.925273489636456,1.44818649568482,1.02007531568899,362.706320346862,1.07242521892778e-118
"95","Normal",2,0.9,1.2,6,0.854610976612727,2.0906976256318,1.0684659879105,408.517889719982,2.30910222821042e-99
"96","Gamma",2,0.9,1.2,6,0.865629218333619,2.61155086510945,0.740210762988339,401.396559867525,3.29582264511516e-102
"97","Normal",1.5,0.7,0.84,7,0.702033149822745,1.50179050995342,0.890273834477621,467.166273374042,5.65858226996258e-76
"98","Gamma",1.5,0.7,0.84,7,0.734356675651991,3.04226759427179,0.502590261709075,433.56797981125,7.68936713368274e-88
"99","Normal",2,0.7,0.84,7,0.688803503520587,1.94311415424445,0.795241380014173,461.331108357182,1.17523535708031e-77
"100","Gamma",2,0.7,0.84,7,0.693065302469898,6.18283440143052,0.32766598030009,456.660283482224,3.41428803576163e-80
"101","Normal",1.5,0.9,0.84,7,0.925766373230567,1.4886060562479,0.908246057440196,337.950891185169,4.38431567156755e-129
"102","Gamma",1.5,0.9,0.84,7,0.910459333823737,3.23477289212476,0.448035671893209,321.062232289305,4.55113759396248e-137
"103","Normal",2,0.9,0.84,7,0.893263498725451,2.01166841322596,0.845483663723964,349.917844201456,7.78901650413996e-124
"104","Gamma",2,0.9,0.84,7,0.86770872992384,6.763146053663,0.291497022136582,345.515490606852,6.07674934394354e-126
"105","Normal",1.5,0.7,1.2,7,0.73428047583522,1.42586196094911,1.32229080960645,492.498255567141,1.04391433257986e-63
"106","Gamma",1.5,0.7,1.2,7,0.704335859169468,1.7437179984422,0.838619851327663,477.219484816039,7.486922802322e-72
"107","Normal",2,0.7,1.2,7,0.750041414147149,2.00489969148306,1.07696260209591,460.745147129897,1.55229889388204e-76
"108","Gamma",2,0.7,1.2,7,0.684673456891555,3.00876704257647,0.679076920368212,488.446140377874,6.85301469018833e-66
"109","Normal",1.5,0.9,1.2,7,0.901966613552882,1.47857796611383,1.14270799212929,388.222401255593,2.98872295629211e-107
"110","Gamma",1.5,0.9,1.2,7,0.91628949149051,1.81029405722257,0.801518644801572,355.973111098862,2.56714324080971e-121
"111","Normal",2,0.9,1.2,7,0.915272124636853,1.97277181554691,1.27193302371711,399.779396716737,9.88382003667789e-103
"112","Gamma",2,0.9,1.2,7,0.867690583629446,2.5941667311656,0.790342362247338,411.593571044958,1.47251765154545e-97
"113","Normal",1.5,0.7,0.84,8,0.757975287775653,1.55109724848522,0.797557563386164,425.708821003702,3.38929332935492e-93
"114","Gamma",1.5,0.7,0.84,8,0.677798575093506,2.49379634046295,0.649724562258165,480.377438163147,7.3522321059111e-70
"115","Normal",2,0.7,0.84,8,0.728216150940804,1.95996231936159,0.857810868720761,447.909578651565,9.4049304303813e-83
"116","Gamma",2,0.7,0.84,8,0.669443823523227,7.87344623455073,0.232327577239727,451.560628411654,5.00378860106662e-83
"117","Normal",1.5,0.9,0.84,8,0.927858258060692,1.4599553327756,0.844809447266496,326.402854279397,2.44231432134342e-134
"118","Gamma",1.5,0.9,0.84,8,0.890722936587583,3.56429385091401,0.444925715628844,338.15067224444,2.45137052749323e-129
"119","Normal",2,0.9,0.84,8,0.876775549966109,2.03598389210921,0.926288233835902,372.770747509437,3.47921926247897e-114
"120","Gamma",2,0.9,0.84,8,0.865947792938681,5.13958234403346,0.377723847690103,362.096142979255,1.31300657291072e-119
"121","Normal",1.5,0.7,1.2,8,0.70957405458902,1.55008658285446,1.10507096579789,482.713036712907,4.53584765583911e-68
"122","Gamma",1.5,0.7,1.2,8,0.715488478873379,1.69007641512274,1.04925324417,490.184323729404,1.79666161140494e-66
"123","Normal",2,0.7,1.2,8,0.643361710388856,2.17182570380042,1.03544484460369,503.901005143772,5.55341417367364e-59
"124","Gamma",2,0.7,1.2,8,0.716571642540097,3.37230921231841,0.567067326929739,461.300135590955,3.33170860034855e-76
"125","Normal",1.5,0.9,1.2,8,0.896298209278271,1.49957781216018,1.06063932633947,382.896031835008,8.13480470354442e-110
"126","Gamma",1.5,0.9,1.2,8,0.912419452375419,1.69199637153908,0.810403760589175,353.269800699225,2.71907495298704e-122
"127","Normal",2,0.9,1.2,8,0.926881231205773,2.12491543929806,1.26972455365694,390.128358803224,2.7879121494165e-106
"128","Gamma",2,0.9,1.2,8,0.934165385536608,2.5801173739014,0.783109910538454,367.538450289788,2.52468824974113e-116
"129","Normal",1.5,0.7,0.84,9,0.693466495280727,1.48829717903385,0.850367941562345,466.550856434565,1.36389967928829e-75
"130","Gamma",1.5,0.7,0.84,9,0.715788163608107,3.6782453522152,0.400173995592483,433.021750478607,1.26895916424201e-90
"131","Normal",2,0.7,0.84,9,0.709718726830989,2.07591818441184,0.79498335365506,448.138604266108,1.38103595180051e-82
"132","Gamma",2,0.7,0.84,9,0.643542204402499,6.53653628303324,0.327004608325397,487.996973535578,4.80388697085471e-68
"133","Normal",1.5,0.9,0.84,9,0.931826938958383,1.43694129473844,0.829691284731046,320.538748931026,2.48486222466781e-136
"134","Gamma",1.5,0.9,0.84,9,0.926477653499076,3.77170559140895,0.424765214344635,306.912605684106,1.67111049389391e-142
"135","Normal",2,0.9,0.84,9,0.919187129095487,1.98422585708015,0.793068433129982,324.019440304444,2.53965085432507e-135
"136","Gamma",2,0.9,0.84,9,0.851694623237428,5.5215487431248,0.346253724425162,364.405695294485,3.20945230273017e-118
"137","Normal",1.5,0.7,1.2,9,0.722984521822762,1.53395743424147,1.290952282483,497.878192751674,5.30553221525841e-63
"138","Gamma",1.5,0.7,1.2,9,0.722980942057061,1.70620949427252,0.790336690838561,459.218464688362,1.50792744096258e-77
"139","Normal",2,0.7,1.2,9,0.649482947583496,2.00032996911606,1.31115510983971,522.89590562028,9.01305081423049e-51
"140","Gamma",2,0.7,1.2,9,0.652228891125562,2.5480278044247,0.756298162938998,504.781707945134,1.72165410749911e-59
"141","Normal",1.5,0.9,1.2,9,0.913460573898872,1.5037935905296,1.15632373931417,386.980642423574,9.65134612188099e-109
"142","Gamma",1.5,0.9,1.2,9,0.882770606434644,1.31258783524879,1.09684890424923,389.763978880344,1.15866350274188e-106
"143","Normal",2,0.9,1.2,9,0.902005397380632,1.92269813789592,1.15076739785252,391.724645736892,4.19650333529764e-106
"144","Gamma",2,0.9,1.2,9,0.893376877777652,2.64922352177381,0.750662656933396,385.13064958938,2.40950938675421e-108
"145","Normal",1.5,0.7,0.84,10,0.632290477079091,1.47238671904407,0.77794517056423,489.919514019635,9.01689173705978e-68
"146","Gamma",1.5,0.7,0.84,10,0.712636622646529,3.1561965161331,0.527246028140429,453.518131258645,9.28299581545883e-80
"147","Normal",2,0.7,0.84,10,0.665649211291774,1.9431231012334,0.857332062862691,478.728742569922,1.69231034312446e-70
"148","Gamma",2,0.7,0.84,10,0.690786848278017,6.97149950064892,0.294174019721844,456.210147906369,5.85331591075948e-81
"149","Normal",1.5,0.9,0.84,10,0.919721243176283,1.59589537580111,0.788833901217482,322.776515594192,6.09169110878203e-136
"150","Gamma",1.5,0.9,0.84,10,0.893466957609385,3.39132342735949,0.460654656516733,337.083561308601,2.47992027851207e-129
"151","Normal",2,0.9,0.84,10,0.867733896911989,1.89278677123449,0.784996247210242,359.416247460725,2.85125260487482e-121
"152","Gamma",2,0.9,0.84,10,0.86062362968789,5.40039964428796,0.358735038448371,361.831026945521,6.01087214773527e-119
"153","Normal",1.5,0.7,1.2,10,0.684241592439561,1.48911059925577,1.1841387684709,503.539833839625,1.76227920238231e-60
"154","Gamma",1.5,0.7,1.2,10,0.718602779166478,1.31488016004079,1.13546348434667,476.774293328645,1.93064623928488e-70
"155","Normal",2,0.7,1.2,10,0.644922283509412,2.07278992525203,1.2655231309361,524.492329109954,2.19591968731671e-51
"156","Gamma",2,0.7,1.2,10,0.631825325961037,2.50058732553788,0.781384715875457,513.71999950351,7.99743711836998e-55
"157","Normal",1.5,0.9,1.2,10,0.8600315504299,1.48518506217714,1.17092835385489,417.935485938963,5.65628442155775e-95
"158","Gamma",1.5,0.9,1.2,10,0.858122551403316,1.28156272910009,1.0932539841242,408.767835875062,2.39636852411904e-100
"159","Normal",2,0.9,1.2,10,0.883301174168112,1.94010876689494,1.17940112459095,406.973229361752,4.95751553390824e-100
"160","Gamma",2,0.9,1.2,10,0.92619444373648,3.18262232205883,0.649741630003794,364.29555872924,3.28011038225226e-118
"161","Normal",1.5,0.7,0.84,11,0.720155461668072,1.59693727630139,1.0033457027231,468.180410523713,1.00184627026357e-73
"162","Gamma",1.5,0.7,0.84,11,0.656503909955774,3.01690449229185,0.514295092522055,481.180122454351,1.7477186504738e-70
"163","Normal",2,0.7,0.84,11,0.690970724354992,2.00347490527345,0.81956651184889,462.584889510096,1.49885220630557e-77
"164","Gamma",2,0.7,0.84,11,0.707974020972083,5.48379582113674,0.340950477984631,444.01422218129,2.60877923962145e-84
"165","Normal",1.5,0.9,0.84,11,0.889629564675004,1.47265646475727,0.884243552876443,358.67929192265,3.52500741108875e-120
"166","Gamma",1.5,0.9,0.84,11,0.884662662992507,3.17058052469014,0.509685319418047,351.519319219833,2.99490825742193e-123
"167","Normal",2,0.9,0.84,11,0.919884495067785,2.04747829221144,0.868648437616089,339.651281622838,6.09056649972135e-130
"168","Gamma",2,0.9,0.84,11,0.876304759108888,5.94353230332467,0.322619555782057,345.392240450025,1.5294428811846e-126
"169","Normal",1.5,0.7,1.2,11,0.721179121837366,1.71588662717239,1.10332275084338,476.351501609988,1.57845074891067e-69
"170","Gamma",1.5,0.7,1.2,11,0.649191523642433,2.06980456360147,0.776529557200104,497.664139177474,1.3175656075847e-62
"171","Normal",2,0.7,1.2,11,0.70873990750283,2.0448380729991,1.34031284556502,508.612680107139,5.01188917039227e-59
"172","Gamma",2,0.7,1.2,11,0.662916111438366,2.71511646001363,0.763183898328974,500.18130333739,2.98048152785288e-60
"173","Normal",1.5,0.9,1.2,11,0.919495661111151,1.45840561777486,1.11079566899337,374.450313773985,5.72570012940451e-113
"174","Gamma",1.5,0.9,1.2,11,0.938472987481448,1.27974789452853,1.27912641381076,374.191901685311,9.14351360337839e-114
"175","Normal",2,0.9,1.2,11,0.936282273798168,1.89253849789766,1.2443642816045,381.280999412314,6.3388651999746e-110
"176","Gamma",2,0.9,1.2,11,0.8899960591596,3.22100684816616,0.60705785780996,377.016386226303,1.01871965106248e-112
"177","Normal",1.5,0.7,0.84,12,0.709539131459865,1.589477778073,0.834539192850417,453.405686174339,8.08083463249509e-81
"178","Gamma",1.5,0.7,0.84,12,0.695062414638156,3.23433767128166,0.436672704741891,451.602914410801,2.58588029185413e-83
"179","Normal",2,0.7,0.84,12,0.733578863101691,1.98048888864084,0.924068888594764,455.413201144085,2.12102317952426e-80
"180","Gamma",2,0.7,0.84,12,0.72862994615941,6.34867998563856,0.337893495760265,441.874510645764,3.28914497399016e-85
"181","Normal",1.5,0.9,0.84,12,0.942880516870887,1.48494961727684,0.940743070671487,332.635878838811,6.19773431918936e-132
"182","Gamma",1.5,0.9,0.84,12,0.879588658078422,3.25247214975833,0.474101455122559,346.978718631024,1.82410036964054e-125
"183","Normal",2,0.9,0.84,12,0.911165327052257,1.98133721550763,0.740501947499968,316.736461859853,3.79889725247198e-138
"184","Gamma",2,0.9,0.84,12,0.93207101406252,4.79700209368535,0.418867708462936,324.938783460933,1.75546762809869e-135
"185","Normal",1.5,0.7,1.2,12,0.723730978230416,1.42673570313049,1.22224321271685,493.023090514273,4.05175089959017e-65
"186","Gamma",1.5,0.7,1.2,12,0.676500805100093,1.22243967680453,1.07556623511508,491.282411867728,4.70558311590768e-65
"187","Normal",2,0.7,1.2,12,0.66206693463544,1.90330427759426,1.14926466319153,508.781442263498,8.32661468587622e-58
"188","Gamma",2,0.7,1.2,12,0.640391868015562,3.77231121793158,0.504224810689969,491.245128763726,3.80453614698577e-64
"189","Normal",1.5,0.9,1.2,12,0.89369548040559,1.35144193488149,1.1602865983699,397.879480449397,9.79802530193269e-104
"190","Gamma",1.5,0.9,1.2,12,0.928294658509258,1.38690214389439,1.08446109789933,364.51222962157,1.19816218420675e-117
"191","Normal",2,0.9,1.2,12,0.918442693138269,2.12523678255128,1.22080349306224,390.113843577427,2.62860285187528e-106
"192","Gamma",2,0.9,1.2,12,0.916176391878755,2.83843794735938,0.730619422858922,373.194669600888,1.6548882731545e-113
"193","Normal",1.5,0.7,0.84,13,0.626635279899936,1.46340666883367,0.832202784875001,495.529334530421,9.46293572213207e-64
"194","Gamma",1.5,0.7,0.84,13,0.70072284427126,2.90863059141059,0.474858028351944,446.926335550603,2.44026003715807e-84
"195","Normal",2,0.7,0.84,13,0.659284116156248,2.0565294984427,0.805415048608949,478.244906258201,3.39381929070372e-71
"196","Gamma",2,0.7,0.84,13,0.674839796217212,5.28569914304908,0.352394534739609,469.123307562168,1.10540427868985e-76
"197","Normal",1.5,0.9,0.84,13,0.902921568448177,1.42050184034584,0.90188396435081,353.200759731831,7.72077362361793e-123
"198","Gamma",1.5,0.9,0.84,13,0.879380742000345,2.87244819908994,0.507189643191902,352.706872137162,2.23734882794572e-123
"199","Normal",2,0.9,0.84,13,0.91727940981621,1.99439926305908,0.881275653080595,341.887903275868,6.81841539115871e-128
"200","Gamma",2,0.9,0.84,13,0.908677168524445,5.62857528754632,0.367557107207474,338.598544077915,1.47156185517042e-129
"201","Normal",1.5,0.7,1.2,13,0.730571485896921,1.5783407845854,1.09799689662508,473.205456954127,6.28255272924127e-72
"202","Gamma",1.5,0.7,1.2,13,0.730561167210083,1.62967553876286,0.9698019883214,474.07036862868,9.40941861945258e-73
"203","Normal",2,0.7,1.2,13,0.761790152404296,2.25405139468964,1.02309977705624,450.402251168909,3.65137022922108e-81
"204","Gamma",2,0.7,1.2,13,0.705209618253785,2.90436827806925,0.728683120439778,486.072441680975,2.686062967799e-67
"205","Normal",1.5,0.9,1.2,13,0.892416898962465,1.60865242789014,1.27545701055807,413.093848942357,6.41588432601142e-97
"206","Gamma",1.5,0.9,1.2,13,0.905943363403064,1.59690195419252,0.913768360565108,366.702996591469,1.45405128747379e-116
"207","Normal",2,0.9,1.2,13,0.914995071401038,2.02611469986155,1.29877864706352,401.493593352245,7.91016612539867e-102
"208","Gamma",2,0.9,1.2,13,0.906180496561458,3.975489203729,0.524162315049058,360.332743402485,2.06985768893799e-119
"209","Normal",1.5,0.7,0.84,14,0.742256638887102,1.45052488933539,0.822926600541848,440.228419117832,9.59396977504439e-88
"210","Gamma",1.5,0.7,0.84,14,0.703980059136506,3.15256140133768,0.482250892473751,450.64141590007,1.73129405783599e-82
"211","Normal",2,0.7,0.84,14,0.725547395840092,2.15738990506135,0.801735562964892,438.768743683434,6.71161806307336e-86
"212","Gamma",2,0.7,0.84,14,0.671818922047705,6.89002588862353,0.284719386133615,459.854003172292,1.99360161004422e-78
"213","Normal",1.5,0.9,0.84,14,0.919397856403222,1.56340250937555,0.816361847735569,326.490957979702,3.68426774818724e-134
"214","Gamma",1.5,0.9,0.84,14,0.913550882699204,3.01363283097465,0.480558346275044,323.353373107655,6.30189706097758e-136
"215","Normal",2,0.9,0.84,14,0.940176061005906,2.03161219551147,0.764384517960031,300.896265790568,4.03507376798196e-145
"216","Gamma",2,0.9,0.84,14,0.867925207820058,5.18788082438046,0.379226371124375,360.368620584298,1.83589388676381e-119
"217","Normal",1.5,0.7,1.2,14,0.671816709058142,1.42269115944678,1.06405411010526,494.725747547545,1.80231419218574e-62
"218","Gamma",1.5,0.7,1.2,14,0.655316748156269,1.36087699418871,0.994108094301753,496.741372174648,1.73788010191477e-62
"219","Normal",2,0.7,1.2,14,0.680505541576861,2.05230608729113,1.14004707930254,498.744508483062,1.41170617465766e-60
"220","Gamma",2,0.7,1.2,14,0.753230611571495,2.19709514531661,0.919387802935111,473.091702503809,1.26526691255736e-73
"221","Normal",1.5,0.9,1.2,14,0.921136464264915,1.57144043604903,1.02797240634716,360.643635549318,3.23943797143028e-119
"222","Gamma",1.5,0.9,1.2,14,0.926026071935623,1.70636471762947,0.868961845484547,353.542730123515,2.46204493790802e-122
"223","Normal",2,0.9,1.2,14,0.90853490182045,2.04948086144326,1.07584537987376,380.569285206212,1.91424470794084e-112
"224","Gamma",2,0.9,1.2,14,0.891142141336934,2.62511395264718,0.731177861503789,384.834531839036,7.63926309430963e-109
"225","Normal",1.5,0.7,0.84,15,0.696210676623758,1.49821797309634,0.732595254424721,445.93359477417,3.27014722026599e-83
"226","Gamma",1.5,0.7,0.84,15,0.658779695886153,2.78914163898764,0.542592934443033,479.023561444629,1.56056903864166e-69
"227","Normal",2,0.7,0.84,15,0.649724115357172,2.03721251100215,0.809266605903927,482.105174530012,4.91237859087193e-69
"228","Gamma",2,0.7,0.84,15,0.757839181824155,5.44886159453734,0.357061843993046,420.261982112668,5.905270365024e-94
"229","Normal",1.5,0.9,0.84,15,0.911755798084025,1.45577748620024,0.857429463456214,339.326575933576,4.1159710716287e-128
"230","Gamma",1.5,0.9,0.84,15,0.912158324277155,3.14289619509865,0.475437291566067,328.457556375979,1.96610814758832e-134
"231","Normal",2,0.9,0.84,15,0.943483268779221,1.87723507798343,0.87455727896397,319.090955978569,2.04569867535237e-137
"232","Gamma",2,0.9,0.84,15,0.937269266698277,5.27174199411807,0.393580424686117,320.047021998879,2.29485280839092e-137
"233","Normal",1.5,0.7,1.2,15,0.69728360952498,1.44878774956309,1.15482102677898,491.937083922904,7.24879741200055e-64
"234","Gamma",1.5,0.7,1.2,15,0.718496059602633,1.810501877681,0.781926885165767,467.223997664012,2.6855322925206e-76
"235","Normal",2,0.7,1.2,15,0.667726683675666,2.03066965737719,0.947895944636394,489.66249347542,2.4420173070011e-66
"236","Gamma",2,0.7,1.2,15,0.665699810910438,3.8769709930573,0.506232470791812,485.249485558068,2.84155101882889e-68
"237","Normal",1.5,0.9,1.2,15,0.864069725662706,1.63675248111481,1.26841270122103,428.676462732243,1.15082462144687e-90
"238","Gamma",1.5,0.9,1.2,15,0.898447990252667,2.06269937373527,0.703401629199638,363.73686222601,8.18234920762583e-119
"239","Normal",2,0.9,1.2,15,0.876119090122892,1.87647786507777,1.17097112642096,408.16068326276,1.06126152493407e-98
"240","Gamma",2,0.9,1.2,15,0.883811121058479,3.04697491244294,0.652194222589063,387.183164381106,2.3259493475559e-108
"241","Normal",1.5,0.7,0.84,16,0.723432441025052,1.38973539449104,0.912461919066157,460.135679685607,3.10173247121211e-79
"242","Gamma",1.5,0.7,0.84,16,0.702837322336105,2.37972783390445,0.63012417974414,462.780102210635,9.29700089390785e-78
"243","Normal",2,0.7,0.84,16,0.705619788953981,2.02468662026992,0.801690535504767,456.861025829643,3.9478758669156e-81
"244","Gamma",2,0.7,0.84,16,0.613633810940134,6.75509360256115,0.298880857697646,491.928870504173,5.63848306508224e-65
"245","Normal",1.5,0.9,0.84,16,0.929949985849566,1.49163492325574,0.838577650007068,323.637820701131,4.02553136564516e-135
"246","Gamma",1.5,0.9,0.84,16,0.924469462227455,3.10497870175328,0.470718481624379,311.757417399017,3.2681004057893e-141
"247","Normal",2,0.9,0.84,16,0.909551988836736,1.96316248810108,0.821412849545916,333.869715321184,1.00229436658526e-130
"248","Gamma",2,0.9,0.84,16,0.862718304259178,6.47198218453242,0.312122374217762,355.485371038983,7.69989116886469e-122
"249","Normal",1.5,0.7,1.2,16,0.691157903478547,1.57783895826473,1.03134210717165,483.999555713584,1.16865002910868e-67
"250","Gamma",1.5,0.7,1.2,16,0.703146655694684,1.97810786782004,0.834958403749272,481.679834985112,9.43769718455683e-70
"251","Normal",2,0.7,1.2,16,0.663470272893815,2.1375081093163,1.44535373388018,524.734744592796,4.52494351657657e-49
"252","Gamma",2,0.7,1.2,16,0.685590240789771,2.49609428176506,0.819625258076874,494.586362341534,1.5652436574487e-62
"253","Normal",1.5,0.9,1.2,16,0.854177006094121,1.51629612595888,1.20109493700016,426.131212172676,6.31490388196644e-92
"254","Gamma",1.5,0.9,1.2,16,0.9001473861502,1.78058579182625,0.788357490462157,364.436654092638,9.74628360742831e-118
"255","Normal",2,0.9,1.2,16,0.906382245290821,2.13133903190632,1.13484823745182,385.237757320482,3.2886542195528e-108
"256","Gamma",2,0.9,1.2,16,0.915327954816922,3.00820241840475,0.662662069920663,366.426281254329,1.02796628860322e-116
"257","Normal",1.5,0.7,0.84,17,0.691485429825204,1.55404511601994,0.827715441185539,466.820205263129,1.15473121103245e-76
"258","Gamma",1.5,0.7,0.84,17,0.743640885242451,2.89425765501359,0.539642376820936,441.064495823119,6.18745214169756e-87
"259","Normal",2,0.7,0.84,17,0.692327283083832,1.9893937411411,0.999456438985192,484.836794199509,1.47578332774899e-68
"260","Gamma",2,0.7,0.84,17,0.676795004986176,7.85007527397099,0.258525161831112,457.318654564052,3.19182720816406e-80
"261","Normal",1.5,0.9,0.84,17,0.934767428252403,1.46791539425529,0.865686293000113,325.481447517084,7.74245279301282e-135
"262","Gamma",1.5,0.9,0.84,17,0.896928413626457,3.6389210800757,0.391991600632971,316.322616661085,9.83097423849551e-139
"263","Normal",2,0.9,0.84,17,0.857125323383628,1.89739670243854,0.857394807539151,375.024241650885,8.06464877626672e-113
"264","Gamma",2,0.9,0.84,17,0.912543368358924,4.87255263609415,0.386015721666307,325.301765639639,3.41652482285942e-134
"265","Normal",1.5,0.7,1.2,17,0.662208950322071,1.58734657672237,1.24364980670568,513.419099133475,1.2582289277623e-54
"266","Gamma",1.5,0.7,1.2,17,0.749721205036795,1.39164468425332,1.13425009599692,468.0017098766,1.26765361004031e-74
"267","Normal",2,0.7,1.2,17,0.761362307929033,1.96416938933201,1.20527758971159,469.029580339309,4.85434783619966e-73
"268","Gamma",2,0.7,1.2,17,0.700149744150627,3.03876990971478,0.6369540082785,480.048061086044,6.94542916378642e-70
"269","Normal",1.5,0.9,1.2,17,0.85191102161689,1.50520772885191,0.998392984050134,399.299467820901,4.16025625971297e-103
"270","Gamma",1.5,0.9,1.2,17,0.898526260513928,1.92504014554766,0.819792018386039,377.619849960458,9.82002361513863e-113
"271","Normal",2,0.9,1.2,17,0.907088133263451,2.19641529213789,1.23580895937763,402.806556195306,1.17541078313161e-102
"272","Gamma",2,0.9,1.2,17,0.916290343289269,2.45411109654472,0.816639189175421,381.323423282986,3.58724770824013e-111
"273","Normal",1.5,0.7,0.84,18,0.737786208354274,1.49259764832146,0.790024456374894,436.198041786123,1.3565060491966e-88
"274","Gamma",1.5,0.7,0.84,18,0.659659202810035,4.68510720005734,0.287900956449636,442.535715205169,5.77022654341367e-85
"275","Normal",2,0.7,0.84,18,0.681891023667894,2.10927380352036,0.8592645899245,469.89563508225,2.03324703072994e-73
"276","Gamma",2,0.7,0.84,18,0.63063538346271,5.37239775361723,0.379145724761681,496.934066390723,9.67132516023341e-65
"277","Normal",1.5,0.9,0.84,18,0.909101655082236,1.5522506006758,0.871677188858138,342.92087305043,2.95310937530367e-127
"278","Gamma",1.5,0.9,0.84,18,0.883782175863233,3.82964987549947,0.380515511578222,328.125719520213,1.20292698381446e-134
"279","Normal",2,0.9,0.84,18,0.88012772183931,2.01974966325812,0.85695130616216,362.29117207769,1.03630750594629e-119
"280","Gamma",2,0.9,0.84,18,0.894345460542586,6.25652843807547,0.31332787101009,333.123746971149,5.91922616338176e-132
"281","Normal",1.5,0.7,1.2,18,0.68537807895814,1.66513498919241,1.13165790982943,497.994659548001,1.42990656399249e-62
"282","Gamma",1.5,0.7,1.2,18,0.72233462091708,1.41884249124102,1.06761145509314,476.603645740253,1.16215681303635e-70
"283","Normal",2,0.7,1.2,18,0.748384875750708,2.0445079267675,1.16706999863341,472.05483563191,2.52971598427002e-72
"284","Gamma",2,0.7,1.2,18,0.728551501260745,3.07948876064562,0.62528167146938,466.629435153604,1.54910176864975e-75
"285","Normal",1.5,0.9,1.2,18,0.925340018093145,1.54190322524527,1.16317272326443,380.777406614691,3.11250361560264e-111
"286","Gamma",1.5,0.9,1.2,18,0.885839612496204,1.20277195222682,1.09524814343467,381.289737410986,2.43948789251485e-110
"287","Normal",2,0.9,1.2,18,0.901137746996828,1.8890073863746,1.1413270368013,391.573282634758,1.47560383343068e-106
"288","Gamma",2,0.9,1.2,18,0.868492242048224,3.64321208879528,0.524365098868614,378.747626462469,8.75444822365333e-112
"289","Normal",1.5,0.7,0.84,19,0.653184025055661,1.46423709486821,0.777087458801411,476.229501263071,1.93765632888947e-71
"290","Gamma",1.5,0.7,0.84,19,0.745346998711129,3.60358908173739,0.424633232424523,424.405182750199,8.51940611696698e-94
"291","Normal",2,0.7,0.84,19,0.729204058967725,2.07274843149911,0.848521580467683,445.72078720364,1.02289697507243e-83
"292","Gamma",2,0.7,0.84,19,0.64035255163874,5.49223647437209,0.352487480529967,483.35517369585,1.96926810163152e-69
"293","Normal",1.5,0.9,0.84,19,0.909633761097665,1.54150796733418,0.829085536107037,335.615706242421,8.46004016911733e-130
"294","Gamma",1.5,0.9,0.84,19,0.869313009792935,3.66843730537978,0.427917036108524,348.721192321896,3.02448789131029e-125
"295","Normal",2,0.9,0.84,19,0.93953501390827,2.13284683573798,0.735234584591385,297.291103945048,2.0183872939251e-147
"296","Gamma",2,0.9,0.84,19,0.903159177164575,4.63508250909655,0.429970338373326,347.311643705378,6.49956898885732e-125
"297","Normal",1.5,0.7,1.2,19,0.750228090447863,1.51778033498197,1.18759351877235,474.060447158896,1.33254352552395e-71
"298","Gamma",1.5,0.7,1.2,19,0.741156548547955,1.99131048913248,0.71440674269853,453.701273380725,8.05930875741658e-82
"299","Normal",2,0.7,1.2,19,0.691781170348914,2.07781226952791,1.12046721474396,496.393615330235,9.85129280211502e-64
"300","Gamma",2,0.7,1.2,19,0.669386813457312,2.95812147253052,0.65632955675257,489.491887197303,1.6079177593776e-65
"301","Normal",1.5,0.9,1.2,19,0.931289370240841,1.55120730452137,1.33892825817386,399.07863855537,3.69214386894754e-103
"302","Gamma",1.5,0.9,1.2,19,0.922563494508159,1.30501556684554,1.28201476182676,384.025711816443,9.81020425512843e-109
"303","Normal",2,0.9,1.2,19,0.930393939231706,2.13235674682719,1.22082673503009,381.564128544621,5.34431567622988e-110
"304","Gamma",2,0.9,1.2,19,0.931325875858071,2.35752866717442,0.848994371093585,371.306196417357,1.92697609821484e-114
"305","Normal",1.5,0.7,0.84,20,0.714672974185964,1.5438176269245,0.918276236723477,460.285664300489,3.66990994208477e-77
"306","Gamma",1.5,0.7,0.84,20,0.689461109932792,4.03849266312876,0.412569334859712,456.650276641094,1.13000275815461e-79
"307","Normal",2,0.7,0.84,20,0.683277915229753,1.86308488487688,0.87184313873528,473.123303703828,9.70199739761059e-73
"308","Gamma",2,0.7,0.84,20,0.655504963456731,5.37662069626724,0.35754030236984,471.675054559225,9.64848714986364e-73
"309","Normal",1.5,0.9,0.84,20,0.881372591892863,1.56895931708129,0.864149055328632,359.541091627513,9.203590966429e-120
"310","Gamma",1.5,0.9,0.84,20,0.918617490658424,3.26234551015414,0.502977737947632,325.807745379139,4.61610920443366e-134
"311","Normal",2,0.9,0.84,20,0.876717245856862,1.95300551411876,0.806014452317231,356.693991745805,6.20674594795879e-122
"312","Gamma",2,0.9,0.84,20,0.848010784115596,4.61411926017085,0.442044862726609,387.00951670156,4.02624345190981e-109
"313","Normal",1.5,0.7,1.2,20,0.648835843186852,1.42412392713294,1.15989539945605,512.22901550461,7.54046634955291e-56
"314","Gamma",1.5,0.7,1.2,20,0.726137218957976,1.594799926459,0.913005502841084,462.733081978963,5.85381032021518e-76
"315","Normal",2,0.7,1.2,20,0.724415733023611,2.23689331951847,1.17998780900717,482.953022819133,2.92519234613046e-67
"316","Gamma",2,0.7,1.2,20,0.683384432301351,2.89670375330522,0.648028237234886,484.198318094593,4.97231061394928e-68
"317","Normal",1.5,0.9,1.2,20,0.899367962908861,1.53876499877586,1.15492410523334,392.456915653689,1.2142721079457e-105
"318","Gamma",1.5,0.9,1.2,20,0.922045050615754,1.58238139140386,1.02635295210489,372.944363256292,1.23511351065218e-113
"319","Normal",2,0.9,1.2,20,0.889627188345635,2.17434061326441,1.20004120229337,405.794002434054,7.00120087712144e-101
"320","Gamma",2,0.9,1.2,20,0.824927513355337,2.60217956505876,0.730502702263174,419.351621003288,4.81957045566436e-94
"321","Normal",1.5,0.7,0.84,21,0.699833781343634,1.58164106291669,0.779886250787258,452.331955481624,5.48193658013978e-81
"322","Gamma",1.5,0.7,0.84,21,0.693892140091484,3.4520355965951,0.439360085616539,450.504244601921,1.18572532591147e-81
"323","Normal",2,0.7,0.84,21,0.725115051459779,2.02605979412519,0.857637118813887,450.624569768403,2.10214283195244e-82
"324","Gamma",2,0.7,0.84,21,0.690447759787873,6.19868721431011,0.338506793053135,463.409560767961,2.84484860895133e-77
"325","Normal",1.5,0.9,0.84,21,0.893257691865369,1.53790167081893,0.83717768994993,348.756338728543,1.45387489246599e-124
"326","Gamma",1.5,0.9,0.84,21,0.893649827615884,2.92857437865946,0.515540731737181,345.28987596589,3.07461348779208e-126
"327","Normal",2,0.9,0.84,21,0.945173585765868,1.88876500735663,0.853693638439432,312.138755030816,4.18334855965979e-140
"328","Gamma",2,0.9,0.84,21,0.906048413513529,4.95799415258729,0.406626616078284,339.992588977384,6.20467915565004e-128
"329","Normal",1.5,0.7,1.2,21,0.728807789435778,1.49190110342147,1.18502965156381,483.798608313072,1.06530071080825e-67
"330","Gamma",1.5,0.7,1.2,21,0.747675217498968,1.55956256322586,0.873230416879459,453.453365912818,3.05452869809018e-81
"331","Normal",2,0.7,1.2,21,0.762439977481133,2.32613525928782,1.14345788471196,464.149154596424,5.44790362743004e-76
"332","Gamma",2,0.7,1.2,21,0.738969751822916,2.99461140401985,0.6652728198316,468.232500118154,1.18555671684008e-75
"333","Normal",1.5,0.9,1.2,21,0.885680462842196,1.54307916541128,1.25033285447986,413.02594175896,5.31441051308429e-97
"334","Gamma",1.5,0.9,1.2,21,0.915353537700852,1.59280757419698,0.908017026259499,362.314184241398,3.95427319491161e-119
"335","Normal",2,0.9,1.2,21,0.870428992307059,1.95734438851463,1.18730391720753,412.880483459061,2.46552257643141e-96
"336","Gamma",2,0.9,1.2,21,0.893775143684465,3.0732179714721,0.637078609203022,375.437738114901,6.4690412196929e-113
"337","Normal",1.5,0.7,0.84,22,0.762582461816992,1.5092614885272,0.786921808380626,418.852787597304,1.80210271237898e-94
"338","Gamma",1.5,0.7,0.84,22,0.741106055181714,3.50517705504032,0.439688739954506,427.4657892464,6.02156977552909e-92
"339","Normal",2,0.7,0.84,22,0.682254725795765,1.94159271096787,0.861474036167534,470.746060082552,3.55292864431569e-73
"340","Gamma",2,0.7,0.84,22,0.668374070432487,8,0.227280304854234,447.445820329256,2.24851617691356e-83
"341","Normal",1.5,0.9,0.84,22,0.950876431660127,1.53589511562866,0.835232675388943,305.393044985883,4.38079001319302e-143
"342","Gamma",1.5,0.9,0.84,22,0.890898281018931,3.16554808349512,0.466911782193888,334.600489811905,1.83772030430456e-131
"343","Normal",2,0.9,0.84,22,0.916718836410631,2.08253095367097,0.765463764251158,319.077142371823,2.02555930037015e-137
"344","Gamma",2,0.9,0.84,22,0.907730215006181,5.09579396556415,0.378510096967986,331.863841078827,6.30751533132942e-133
"345","Normal",1.5,0.7,1.2,22,0.688885139471765,1.38764953615772,1.11793928923966,495.960854650423,6.53145395266995e-64
"346","Gamma",1.5,0.7,1.2,22,0.685044327591611,1.9760575292517,0.709479906162673,475.389097476444,5.2950370391196e-72
"347","Normal",2,0.7,1.2,22,0.715884031530886,2.07116240540311,1.09536432624754,479.430165577022,7.32690310259513e-70
"348","Gamma",2,0.7,1.2,22,0.727846433073687,2.05178688482565,1.07794088656005,494.466215473504,1.29672203497285e-61
"349","Normal",1.5,0.9,1.2,22,0.91055052108627,1.6016978861004,1.26808336403502,400.526809374331,4.69932454284847e-102
"350","Gamma",1.5,0.9,1.2,22,0.90533396777618,1.42501567494896,1.0892027670355,383.962170205592,1.57073887261191e-109
"351","Normal",2,0.9,1.2,22,0.875198617078394,1.79462954756735,1.17594417371746,412.758815094398,5.00821443872653e-98
"352","Gamma",2,0.9,1.2,22,0.946675128558858,2.95402873513208,0.68148851485027,345.138868675533,1.36279769613505e-125
"353","Normal",1.5,0.7,0.84,23,0.683832079686912,1.50661111897648,0.862740579487586,473.446402747266,4.08404119474519e-73
"354","Gamma",1.5,0.7,0.84,23,0.720892980082056,3.14686397287349,0.4531473068048,436.55770276764,1.50239745740141e-88
"355","Normal",2,0.7,0.84,23,0.794121523445806,2.06482157096253,0.956532415328163,431.160868360183,1.9027179043123e-91
"356","Gamma",2,0.7,0.84,23,0.757248227615368,5.03010876842628,0.40817573469001,436.364764330435,6.96907422544184e-89
"357","Normal",1.5,0.9,0.84,23,0.926332776610906,1.61372221979521,0.87120488590947,332.137418297707,6.3922347880593e-132
"358","Gamma",1.5,0.9,0.84,23,0.919254687299559,2.41672794345048,0.601221016289858,332.835357532577,2.31361212663081e-131
"359","Normal",2,0.9,0.84,23,0.888453385328353,2.03834718185798,0.828174060882674,351.741726939134,1.90213632457111e-123
"360","Gamma",2,0.9,0.84,23,0.907501677954337,4.37305434427169,0.470294851855253,352.908702864026,3.15212367215977e-123
"361","Normal",1.5,0.7,1.2,23,0.699572118854747,1.4526698511675,1.17226909904474,491.798784621684,1.33081735279021e-63
"362","Gamma",1.5,0.7,1.2,23,0.701410238057099,1.41106307240462,1.03576367731089,479.274581117279,5.54733932175526e-69
"363","Normal",2,0.7,1.2,23,0.756590454767769,2.0203685366975,1.1888975337207,474.713494167567,1.24344904557981e-72
"364","Gamma",2,0.7,1.2,23,0.659384699740105,2.86903040773515,0.607230585980828,490.210084201543,8.90956890053246e-66
"365","Normal",1.5,0.9,1.2,23,0.912058464545063,1.59942068651756,1.11611810626392,381.000671601434,3.42820290259394e-111
"366","Gamma",1.5,0.9,1.2,23,0.899288726874724,1.49487205238194,0.85594276550212,358.176197462407,8.47037691921755e-121
"367","Normal",2,0.9,1.2,23,0.876253816787508,2.03159783474323,1.19735195395463,413.072668301155,1.16971320795088e-97
"368","Gamma",2,0.9,1.2,23,0.956987956047667,3.41860114623744,0.58954339954562,329.668560694295,4.82474856340783e-133
"369","Normal",1.5,0.7,0.84,24,0.636965041352683,1.51027976521812,0.745043189558472,483.298872613452,5.72365607509593e-70
"370","Gamma",1.5,0.7,0.84,24,0.682313479253268,3.41280931128244,0.463272942934553,459.097729972024,1.68696341387113e-78
"371","Normal",2,0.7,0.84,24,0.711260822875269,1.91339988330043,0.788109270494708,449.101368534489,4.15847062084389e-83
"372","Gamma",2,0.7,0.84,24,0.713188264653538,4.7252095476024,0.462451169205873,464.306389612274,2.20194728340402e-76
"373","Normal",1.5,0.9,0.84,24,0.941303171016467,1.44222868624276,0.965255665705126,337.933869218794,2.1563662722656e-129
"374","Gamma",1.5,0.9,0.84,24,0.916392437257189,3.00105938554008,0.47468461879945,319.43089769813,5.2934833992257e-138
"375","Normal",2,0.9,0.84,24,0.854167705210559,1.95865724322032,0.871554485537039,380.849978392442,3.0512727406478e-111
"376","Gamma",2,0.9,0.84,24,0.948689798050504,5.64869754693999,0.343310785817873,294.427233003615,8.11433090753399e-148
"377","Normal",1.5,0.7,1.2,24,0.713183421830932,1.38320788790345,1.18409465620004,490.622499159899,8.93812697076876e-65
"378","Gamma",1.5,0.7,1.2,24,0.650421950343775,1.49170868999505,0.948926899885004,499.811953356583,1.50386055419538e-61
"379","Normal",2,0.7,1.2,24,0.749898082495718,1.97792387296671,1.20540619831286,475.197926008536,5.64377203884178e-71
"380","Gamma",2,0.7,1.2,24,0.705949672733347,3.42525421749159,0.557793765597058,467.278072867965,9.99676217124928e-75
"381","Normal",1.5,0.9,1.2,24,0.888399870597082,1.53223371837981,1.23111469803937,408.647658196371,6.62510964590686e-99
"382","Gamma",1.5,0.9,1.2,24,0.964503839762052,1.83701012391109,0.79539835068204,323.194176456903,4.16615465578593e-135
"383","Normal",2,0.9,1.2,24,0.917273043971852,2.06411889116528,1.13789437311767,383.792898814755,1.37340090099164e-110
"384","Gamma",2,0.9,1.2,24,0.895154538219953,2.34580479824569,0.845741356140182,397.924429496147,2.48565011047637e-103
"385","Normal",1.5,0.7,0.84,25,0.751383230663046,1.60183701053286,0.861109073063087,436.256485198443,2.00512052197359e-87
"386","Gamma",1.5,0.7,0.84,25,0.663022356051777,3.24154303647441,0.493895258145775,473.598971561227,8.24227514386058e-72
"387","Normal",2,0.7,0.84,25,0.639902550100452,2.02597177818387,0.711507694340882,473.758048071522,7.74469958281757e-73
"388","Gamma",2,0.7,0.84,25,0.675716169748429,5.48533745234148,0.400137727362763,473.451879309343,2.92696380139227e-71
"389","Normal",1.5,0.9,0.84,25,0.91484496775594,1.38336252682712,0.783323590420647,323.044408574694,2.76355073964439e-135
"390","Gamma",1.5,0.9,0.84,25,0.86892416846192,2.54535794524595,0.572873283589927,368.372855743918,7.45214970177319e-117
"391","Normal",2,0.9,0.84,25,0.884635876617093,2.05032429989601,0.843913925439725,355.672018907776,7.36266265391592e-122
"392","Gamma",2,0.9,0.84,25,0.878419899141435,5.64084167190995,0.354337352854618,351.187769671982,3.06706361255988e-123
"393","Normal",1.5,0.7,1.2,25,0.67378700598616,1.52197857328767,0.916520780326087,485.669992953487,9.04629142455454e-69
"394","Gamma",1.5,0.7,1.2,25,0.667956992681096,1.63625411386514,0.839596512085062,486.049967483093,1.19695872780693e-66
"395","Normal",2,0.7,1.2,25,0.703072704428016,2.09389286366981,1.18473298310031,496.951205856158,9.70886458355423e-64
"396","Gamma",2,0.7,1.2,25,0.708818462747611,2.58991763955941,0.800726581196936,488.604972230815,4.08088709667123e-66
"397","Normal",1.5,0.9,1.2,25,0.890800469867923,1.52566907011374,1.14159164221119,396.624411605829,6.73038775461426e-104
"398","Gamma",1.5,0.9,1.2,25,0.922894840011617,1.5848088983807,1.00531216504538,371.298758163982,3.66602923435035e-115
"399","Normal",2,0.9,1.2,25,0.903647613809271,1.90225486423772,1.39657538630753,418.838870419115,2.77063343785796e-94
"400","Gamma",2,0.9,1.2,25,0.889156133856468,2.92310910826331,0.694439259492802,386.98267507734,2.37440451252271e-108
"401","Normal",1.5,0.7,0.84,26,0.71913926388146,1.58780806276845,0.860538998002685,458.865900117706,2.81701502136594e-80
"402","Gamma",1.5,0.7,0.84,26,0.721010290810562,3.32712852517039,0.470561957969349,442.484860706512,1.24396061114385e-84
"403","Normal",2,0.7,0.84,26,0.743886213495306,1.84203771620898,0.851258163882687,437.377645706933,1.33860320632495e-86
"404","Gamma",2,0.7,0.84,26,0.72201676172479,3.96830609906634,0.483846415599409,455.468246762333,9.66166876466185e-80
"405","Normal",1.5,0.9,0.84,26,0.892151417878783,1.53339197580809,0.944862014335579,368.014254719242,1.27807124116003e-116
"406","Gamma",1.5,0.9,0.84,26,0.92051209650686,2.9186346014798,0.531308125449432,332.83008416214,3.9669302736698e-132
"407","Normal",2,0.9,0.84,26,0.931350235883601,2.05849372246977,0.788694122994523,312.281411313656,2.82654296892622e-140
"408","Gamma",2,0.9,0.84,26,0.888272466467517,6.63100984883826,0.302513974507725,335.441012822893,4.52609779997935e-130
"409","Normal",1.5,0.7,1.2,26,0.617054950633121,1.63430229589427,1.10000788314327,521.215138475485,3.7012215152685e-52
"410","Gamma",1.5,0.7,1.2,26,0.702328181656961,1.39132489130675,1.08553101162221,482.525094901033,1.73270807340256e-67
"411","Normal",2,0.7,1.2,26,0.680508871699312,1.87937213773037,1.07439731482774,496.098898851213,1.08823298191474e-63
"412","Gamma",2,0.7,1.2,26,0.683282451531039,4.18634715885009,0.43328716199768,470.700469111944,3.79245132522235e-76
"413","Normal",1.5,0.9,1.2,26,0.887630596504772,1.47347722441419,1.21895028285004,408.44905406778,8.53086998967151e-99
"414","Gamma",1.5,0.9,1.2,26,0.879037065126241,1.48762667154228,1.07357515511353,401.844546827057,2.29218573589678e-102
"415","Normal",2,0.9,1.2,26,0.847779501189923,1.93856381459713,1.20446813767727,425.504792723233,4.77218709562692e-91
"416","Gamma",2,0.9,1.2,26,0.924410153720214,2.3546779507395,0.812484145849257,370.276154798182,1.95014238450899e-115
"417","Normal",1.5,0.7,0.84,27,0.712520034706398,1.54973921553853,0.848253069028205,454.655094574443,3.35149982955333e-80
"418","Gamma",1.5,0.7,0.84,27,0.728923606758436,2.53500854095581,0.612738872954374,451.065027468974,3.4740116737357e-82
"419","Normal",2,0.7,0.84,27,0.700260245550572,2.08827468527243,0.955067868986393,476.667060657978,5.76441862062315e-72
"420","Gamma",2,0.7,0.84,27,0.724422697712174,4.30018322502105,0.457998088514678,451.732595428611,2.94096146230972e-81
"421","Normal",1.5,0.9,0.84,27,0.925168197081909,1.55487133563782,0.775295211526415,315.990924964435,7.24921494938037e-139
"422","Gamma",1.5,0.9,0.84,27,0.92318221153186,2.66749587081253,0.540157479744988,324.833961665667,1.88881795606797e-135
"423","Normal",2,0.9,0.84,27,0.89341170832867,2.03374238613977,0.834614120622181,349.214131868672,1.17330594554126e-124
"424","Gamma",2,0.9,0.84,27,0.884647497361452,5.77177395720404,0.360265725156389,350.277189531658,1.12311173169524e-123
"425","Normal",1.5,0.7,1.2,27,0.701110959191393,1.60627747347164,1.24343044552983,500.443416398962,1.50515329172742e-60
"426","Gamma",1.5,0.7,1.2,27,0.705326191530055,1.90521243107529,0.728419553758437,464.899960829327,5.87081285591258e-75
"427","Normal",2,0.7,1.2,27,0.730364458486625,2.07648195022738,1.14000058032218,480.644412992387,4.74856359260648e-70
"428","Gamma",2,0.7,1.2,27,0.735456084593427,2.5129387829371,0.873650994467385,477.278178005722,7.73639920812442e-69
"429","Normal",1.5,0.9,1.2,27,0.906509813783457,1.53996697693657,1.10876868613529,384.665750073256,1.45574818092642e-109
"430","Gamma",1.5,0.9,1.2,27,0.912537242741122,1.76483250653947,0.869575792813011,366.792349321976,2.263983472639e-116
"431","Normal",2,0.9,1.2,27,0.916097628296925,1.89445291850735,1.2171490230974,391.402595033757,5.33395655830251e-106
"432","Gamma",2,0.9,1.2,27,0.916157472114941,2.5020080281623,0.708517591275918,364.588707950118,6.44565803926176e-118
"433","Normal",1.5,0.7,0.84,28,0.706134306832309,1.59741233951681,0.915632339657001,465.373038485458,4.27128522840063e-75
"434","Gamma",1.5,0.7,0.84,28,0.706465557843539,3.61022348211214,0.407874117155126,442.668363389616,3.53976880642813e-86
"435","Normal",2,0.7,0.84,28,0.589667822723486,1.96427514803895,0.875220866709605,513.420085399803,1.38243284858297e-55
"436","Gamma",2,0.7,0.84,28,0.724172982773106,4.50072355128813,0.466647934890173,456.34926385465,3.08658483168879e-79
"437","Normal",1.5,0.9,0.84,28,0.890643823565511,1.45600518330171,0.795191185002086,341.823817450027,1.97103253293999e-127
"438","Gamma",1.5,0.9,0.84,28,0.93723039244429,3.2765835991289,0.447081049987085,296.930424824783,1.36219692671335e-146
"439","Normal",2,0.9,0.84,28,0.897034002831047,1.89485552479869,0.751399492088654,330.478970363459,6.23847052882585e-133
"440","Gamma",2,0.9,0.84,28,0.896537477176693,6.63716195254294,0.322059611324376,338.161024101285,5.67500408105196e-129
"441","Normal",1.5,0.7,1.2,28,0.589979668362728,1.38706581603184,1.04856517484804,526.001436668867,1.8138741465789e-49
"442","Gamma",1.5,0.7,1.2,28,0.687739382120381,1.85565619204157,0.814790941915443,483.858501110016,3.00745829994584e-69
"443","Normal",2,0.7,1.2,28,0.735255056846644,2.02731544310583,1.2936205905438,494.344351156039,2.39902330106576e-64
"444","Gamma",2,0.7,1.2,28,0.706582297861936,2.25369803317274,0.941643198837316,496.553821071872,8.11618374929335e-63
"445","Normal",1.5,0.9,1.2,28,0.873479961857661,1.56557464002076,1.16421989430154,408.918837115531,6.0827691370969e-99
"446","Gamma",1.5,0.9,1.2,28,0.927355723666233,1.42985880265797,1.0812941544032,367.862724900319,7.88812549522431e-116
"447","Normal",2,0.9,1.2,28,0.898183107467491,2.00724496435881,1.20170082827886,400.227622716889,2.33578975084902e-102
"448","Gamma",2,0.9,1.2,28,0.970229678991837,2.63880884399599,0.780110244877968,340.875458936027,1.2181167812879e-127
"449","Normal",1.5,0.7,0.84,29,0.686762574259344,1.38522414441151,0.708619756514633,447.142773409618,2.59174320752219e-82
"450","Gamma",1.5,0.7,0.84,29,0.742785701526678,2.89303838717484,0.47011527509956,421.316376704258,6.37544616903879e-94
"451","Normal",2,0.7,0.84,29,0.723785309536516,1.94480144573375,0.756571555750688,439.736409895731,4.59113068066316e-87
"452","Gamma",2,0.7,0.84,29,0.770147393007602,3.79711533553355,0.536037156258009,437.06954810688,4.46228245162977e-87
"453","Normal",1.5,0.9,0.84,29,0.92048893590331,1.5193971515209,0.868532605708141,336.669640545957,2.99362895362473e-130
"454","Gamma",1.5,0.9,0.84,29,0.868801329501483,2.94548232283387,0.502872675470396,355.230447947583,1.33204300471251e-121
"455","Normal",2,0.9,0.84,29,0.898576699988341,2.02423044133558,0.821196113944847,342.037944883526,4.99638193520263e-127
"456","Gamma",2,0.9,0.84,29,0.874155580825581,7.78268151513582,0.242738920275128,326.862847897112,7.5587774750907e-134
"457","Normal",1.5,0.7,1.2,29,0.655038651049395,1.52420244833753,0.949794140672702,494.782328681611,4.71065579360672e-64
"458","Gamma",1.5,0.7,1.2,29,0.750683384655817,1.86729496634742,0.899459356077322,460.151235907963,8.22359589224491e-78
"459","Normal",2,0.7,1.2,29,0.695777414689819,2.16666262032809,1.16687976703319,501.911629631473,8.73591287625944e-63
"460","Gamma",2,0.7,1.2,29,0.691586874904961,2.4862839606956,0.825694757741653,493.021405777769,3.00827472390079e-63
"461","Normal",1.5,0.9,1.2,29,0.913571752480326,1.50736530042483,1.19573229944482,390.595090737273,1.68158340124553e-106
"462","Gamma",1.5,0.9,1.2,29,0.922337034773977,1.62865652351307,0.96754414535022,363.225092982768,7.41873954846513e-118
"463","Normal",2,0.9,1.2,29,0.916186762917229,2.04569458979288,1.20526123474867,389.661203172015,5.88772678506453e-107
"464","Gamma",2,0.9,1.2,29,0.903141929283104,3.13310019648984,0.661196905695825,376.24512861799,1.58413069991263e-112
"465","Normal",1.5,0.7,0.84,30,0.641321745661229,1.36201849352187,0.826200731878239,486.126066730385,2.59140984352304e-67
"466","Gamma",1.5,0.7,0.84,30,0.647965519087997,3.74280414985944,0.417624276200902,472.143231029557,2.54314465946331e-73
"467","Normal",2,0.7,0.84,30,0.758208576528076,2.04557195750779,0.735680661365587,416.173366575574,6.04209292756315e-97
"468","Gamma",2,0.7,0.84,30,0.694322211106003,6.09448719056427,0.309988617035495,451.522900684466,1.09593198796599e-82
"469","Normal",1.5,0.9,0.84,30,0.865662562636015,1.55350377531157,0.764675019691463,353.546043145955,8.9277480955444e-123
"470","Gamma",1.5,0.9,0.84,30,0.899600220580778,3.52620359579796,0.42111419858973,327.733027058945,9.38419479955788e-134
"471","Normal",2,0.9,0.84,30,0.913480701595191,2.00586147335719,0.817076890958736,331.331085357461,6.05209924199728e-132
"472","Gamma",2,0.9,0.84,30,0.902879101734114,4.71670146154541,0.408980922024499,341.219195184258,1.58328915823786e-128
"473","Normal",1.5,0.7,1.2,30,0.64702317934865,1.36399664685412,1.11245610345689,516.073210729567,2.61956403089577e-56
"474","Gamma",1.5,0.7,1.2,30,0.742167735667926,1.73549239639184,0.764073237782349,447.014111871688,3.78258140635264e-83
"475","Normal",2,0.7,1.2,30,0.728395285346043,1.99607088545225,1.31359093235027,498.45652201605,1.43070731510865e-62
"476","Gamma",2,0.7,1.2,30,0.773197278866213,2.39360106046363,0.90891604250826,465.686638377054,3.3728763720265e-75
"477","Normal",1.5,0.9,1.2,30,0.929034832525673,1.66922414043904,1.17310439420091,374.949660038146,1.14199621859537e-112
"478","Gamma",1.5,0.9,1.2,30,0.922444947695632,1.66423460542295,0.917887685846181,360.66240307854,2.43053693884717e-119
"479","Normal",2,0.9,1.2,30,0.912600417625499,1.94129107449656,1.18306406109437,389.605724189277,4.46482104814885e-107
"480","Gamma",2,0.9,1.2,30,0.903381572418246,2.84946393535164,0.73783093547268,387.55378168475,9.09699800706947e-108
"481","Normal",1.5,0.7,0.84,31,0.696400555317027,1.62748286373785,0.925924623041288,469.610323583552,4.27408270545202e-73
"482","Gamma",1.5,0.7,0.84,31,0.709778038269563,3.35404844251362,0.448250542567281,446.07845714073,8.86331100182387e-85
"483","Normal",2,0.7,0.84,31,0.713579307117445,1.90144855962243,0.802657299081576,448.277464955254,1.80566505217521e-82
"484","Gamma",2,0.7,0.84,31,0.746449560991872,6.02969668271439,0.349799768195121,434.308891054948,3.33336074909962e-88
"485","Normal",1.5,0.9,0.84,31,0.921376015142989,1.43948159090555,0.768827352064246,315.61356090369,1.19507882110851e-138
"486","Gamma",1.5,0.9,0.84,31,0.854691375389179,2.54016651125851,0.560089639804334,372.952355193437,1.89353647044241e-114
"487","Normal",2,0.9,0.84,31,0.937995597843748,2.00970980037645,0.768201937260919,304.159428544459,4.24606160149488e-144
"488","Gamma",2,0.9,0.84,31,0.905703183655515,5.67005774850187,0.379633205639729,345.819321948343,3.32195197450193e-127
"489","Normal",1.5,0.7,1.2,31,0.853628013883269,1.54574092219678,1.32758787162241,442.017897989256,8.29507788816025e-86
"490","Gamma",1.5,0.7,1.2,31,0.654274563106911,1.65516277612828,0.878162771575908,499.434774649631,5.69901449032463e-62
"491","Normal",2,0.7,1.2,31,0.638560595457184,2.09068942519847,1.12864628555027,520.495125855318,1.87752410766262e-54
"492","Gamma",2,0.7,1.2,31,0.709090804797266,2.90671517403873,0.678788275996079,478.444088853152,4.24820765408647e-70
"493","Normal",1.5,0.9,1.2,31,0.899147300728412,1.56607030439944,1.27078308099419,408.239299971175,1.23353463108716e-98
"494","Gamma",1.5,0.9,1.2,31,0.903459354368239,1.73900005739363,0.893024871392411,379.321735320808,8.86714077296919e-112
"495","Normal",2,0.9,1.2,31,0.93404622058981,1.84001090975388,1.22193384249554,379.622055259788,9.62738749082996e-111
"496","Gamma",2,0.9,1.2,31,0.900299046051738,3.04487280780817,0.64624113419833,372.017454276379,1.68913220241507e-114
"497","Normal",1.5,0.7,0.84,32,0.73719478282888,1.44406986371396,0.963534532668028,453.555748601373,1.3302626443286e-79
"498","Gamma",1.5,0.7,0.84,32,0.768770013338362,3.39535984503982,0.418327021726458,405.496241333686,8.37728798256215e-102
"499","Normal",2,0.7,0.84,32,0.738914633645125,2.04162051100794,0.795827293363001,444.251460530481,2.7187457837021e-88
"500","Gamma",2,0.7,0.84,32,0.720684676897133,6.03700761595054,0.322193174816655,439.23897098366,3.31159281769295e-87
"501","Normal",1.5,0.9,0.84,32,0.89157289489508,1.59384083476093,0.76381388359297,337.252179954373,5.61651301461892e-130
"502","Gamma",1.5,0.9,0.84,32,0.899221929225968,3.12997146247931,0.501536849248676,339.200703424832,1.50240565353062e-128
"503","Normal",2,0.9,0.84,32,0.873778606928861,2.00474980285267,0.903839348692997,371.820652874647,2.75598787602881e-114
"504","Gamma",2,0.9,0.84,32,0.877983907383952,5.91980836619183,0.351825506895263,356.211634633542,3.18728033532865e-122
"505","Normal",1.5,0.7,1.2,32,0.733702524741394,1.58098572027517,1.29735999477883,489.682816693671,4.52949690823596e-65
"506","Gamma",1.5,0.7,1.2,32,0.757073939551457,1.32620729821417,1.29294795930392,475.821296479385,5.28162787667332e-72
"507","Normal",2,0.7,1.2,32,0.652188988288,1.95314107625682,1.1505923883052,514.662405893255,4.18667827281612e-56
"508","Gamma",2,0.7,1.2,32,0.693142891873152,2.99084269814539,0.661989427027753,483.14243290207,4.11122603061552e-68
"509","Normal",1.5,0.9,1.2,32,0.912968162410148,1.53886215742894,1.10216434837228,375.76766280278,2.18391499293627e-112
"510","Gamma",1.5,0.9,1.2,32,0.909222347465026,1.53042244973859,0.797874885736549,350.64306119628,3.62696190586486e-125
"511","Normal",2,0.9,1.2,32,0.899473135534937,2.07102893778113,1.10389246812078,388.264371506472,1.06943730184054e-107
"512","Gamma",2,0.9,1.2,32,0.856908692542742,2.50877109133116,0.839476840259402,419.379817743755,6.26302823941586e-94
"513","Normal",1.5,0.7,0.84,33,0.718533865986463,1.62919105226705,0.760214864622775,440.512759228447,3.99588810159281e-86
"514","Gamma",1.5,0.7,0.84,33,0.737256859649885,2.8631239560898,0.525443359544986,436.582259820393,2.28761719963536e-88
"515","Normal",2,0.7,0.84,33,0.637049278726098,1.95805558355843,0.711873357238067,476.654502944039,5.64322125143309e-71
"516","Gamma",2,0.7,0.84,33,0.679069218756418,5.77742564271928,0.33594275983829,460.905278201349,3.73052829758396e-77
"517","Normal",1.5,0.9,0.84,33,0.909566626299523,1.52476208123857,0.813337058754088,332.527779839415,2.63522793413239e-132
"518","Gamma",1.5,0.9,0.84,33,0.913367423941672,3.6975325930847,0.432262278996833,324.236927055829,5.45952665560521e-136
"519","Normal",2,0.9,0.84,33,0.929512607922123,2.02118814377242,0.867741395860597,329.016529401543,3.87788462914812e-133
"520","Gamma",2,0.9,0.84,33,0.8940895470601,5.00294993345524,0.409861119737427,351.468516383679,1.07377422096038e-123
"521","Normal",1.5,0.7,1.2,33,0.716205255727943,1.41752328511928,1.20402893523737,488.780702786615,3.26074142007149e-65
"522","Gamma",1.5,0.7,1.2,33,0.676518010162783,1.58198775229472,1.03325314237307,499.166749554963,3.00367790554914e-62
"523","Normal",2,0.7,1.2,33,0.730479986532438,1.9779725801692,1.174605372771,479.491135690745,7.86689381429022e-69
"524","Gamma",2,0.7,1.2,33,0.668336917410573,2.38860781790868,0.783336205533934,501.348938476803,3.42060793851887e-61
"525","Normal",1.5,0.9,1.2,33,0.926861270601556,1.53645697093107,1.14884660846618,374.405762250606,2.39359601529988e-113
"526","Gamma",1.5,0.9,1.2,33,0.874682738690785,1.94330678715202,0.709092416338639,370.769899684154,3.795401209222e-115
"527","Normal",2,0.9,1.2,33,0.902272967502908,1.91541569842787,1.13788679782854,389.768549665489,9.11866291217031e-107
"528","Gamma",2,0.9,1.2,33,0.872319428973394,2.87870281060774,0.640609497105173,385.906947067947,8.46356622664584e-109
"529","Normal",1.5,0.7,0.84,34,0.777942768895383,1.34331491924483,1.06442963251665,448.09345265741,1.20801273608215e-82
"530","Gamma",1.5,0.7,0.84,34,0.667916416228165,3.00938430032245,0.501058914989703,474.745265544227,2.28503893944246e-73
"531","Normal",2,0.7,0.84,34,0.725577189135488,1.84907835350029,0.975760803780755,463.137713747521,2.28135224718145e-76
"532","Gamma",2,0.7,0.84,34,0.646486788410284,6.67843368332648,0.295354578555513,473.681519506881,4.73019380099908e-73
"533","Normal",1.5,0.9,0.84,34,0.901099102471531,1.41798252818512,0.761899270334824,329.321069790165,8.24135798054658e-133
"534","Gamma",1.5,0.9,0.84,34,0.93999410056809,3.18449806513826,0.461321309914571,298.167593726825,1.00555867625238e-146
"535","Normal",2,0.9,0.84,34,0.941259347085305,2.17071662773918,0.839119894261845,315.739155246677,6.10024830207462e-139
"536","Gamma",2,0.9,0.84,34,0.879023620695511,5.28055926845605,0.373591163079043,352.970954335155,9.28103849353857e-123
"537","Normal",1.5,0.7,1.2,34,0.626570553481807,1.5568897019433,1.22476569715585,529.027424130656,1.23667874440164e-49
"538","Gamma",1.5,0.7,1.2,34,0.746107192307011,2.06506993700823,0.651122345161534,439.493123773297,5.16219322195245e-87
"539","Normal",2,0.7,1.2,34,0.748880239984348,1.84394253789025,1.21563295895511,475.129487253944,7.42231866418804e-71
"540","Gamma",2,0.7,1.2,34,0.727487526931917,2.2503696106573,0.901899781435099,482.522757890128,4.88986524865678e-69
"541","Normal",1.5,0.9,1.2,34,0.923623828689163,1.51033279386893,1.39716554847539,411.375080747701,1.43315055450115e-98
"542","Gamma",1.5,0.9,1.2,34,0.961436592444613,1.43546552311472,1.11330470376324,346.725433329637,6.64174863153779e-125
"543","Normal",2,0.9,1.2,34,0.911289273754227,2.15520284345449,1.13186235446168,382.490532162258,1.64358904704133e-109
"544","Gamma",2,0.9,1.2,34,0.908442746114066,2.42302875600183,0.799224532745026,381.942871774875,4.80236987194107e-110
"545","Normal",1.5,0.7,0.84,35,0.691140124404168,1.51707824351677,0.916073622907337,472.0166362117,1.90778109476016e-72
"546","Gamma",1.5,0.7,0.84,35,0.705918862477489,2.41148335107815,0.639152430807498,462.358137295364,4.92382782633676e-76
"547","Normal",2,0.7,0.84,35,0.671730438071554,2.01165235740552,0.81278690692965,473.175227536959,8.99418481318373e-74
"548","Gamma",2,0.7,0.84,35,0.720005629293712,6.62879743418656,0.313891819459743,440.161253722513,1.80238124700066e-85
"549","Normal",1.5,0.9,0.84,35,0.877709689028104,1.60077849768347,0.841216356537381,362.720813232197,8.024100285365e-120
"550","Gamma",1.5,0.9,0.84,35,0.933896722164213,3.54841206715266,0.415647223228636,294.695885018487,1.82802770798433e-147
"551","Normal",2,0.9,0.84,35,0.900093980230123,1.94248704213454,0.799508330142872,337.813478430996,1.38344167488161e-129
"552","Gamma",2,0.9,0.84,35,0.859069718468222,5.04658322326567,0.391329694370158,368.582387295912,3.41629287765196e-116
"553","Normal",1.5,0.7,1.2,35,0.752110409369823,1.39830901413779,1.19640857415152,470.456762522635,6.6008068288536e-72
"554","Gamma",1.5,0.7,1.2,35,0.674082173010637,1.63658068077523,0.967199171630515,497.944711379036,1.32666118838445e-61
"555","Normal",2,0.7,1.2,35,0.660182692024124,1.79265174448744,1.29088265157072,521.258797761905,4.47558957767421e-53
"556","Gamma",2,0.7,1.2,35,0.695531740568517,2.91832465082808,0.688060800148166,489.074540084207,6.46102488076913e-68
"557","Normal",1.5,0.9,1.2,35,0.869409597290476,1.68754759564953,1.06914129582888,401.776787512537,1.38031268305838e-102
"558","Gamma",1.5,0.9,1.2,35,0.901802882778967,1.57687583582562,1.13982260548824,403.145220093975,3.77562170081803e-102
"559","Normal",2,0.9,1.2,35,0.919065799834663,1.93396796248795,1.22379283736606,390.490817315243,1.55227568720536e-106
"560","Gamma",2,0.9,1.2,35,0.911933483937444,2.14455781334064,1.00027424971484,403.162620811089,1.04978389784371e-101
"561","Normal",1.5,0.7,0.84,36,0.651746912997365,1.469610635255,0.657841810925871,464.305866786239,9.84913955253822e-78
"562","Gamma",1.5,0.7,0.84,36,0.770116805035816,3.35773275803616,0.439443007230067,408.255520521698,2.54786180006338e-99
"563","Normal",2,0.7,0.84,36,0.65161380256773,2.13301497575447,0.855124763656711,485.41419579046,1.17619109427202e-67
"564","Gamma",2,0.7,0.84,36,0.738231396375518,5.41303071949477,0.367411374406365,435.6997293331,4.48156254651072e-88
"565","Normal",1.5,0.9,0.84,36,0.844006406412027,1.4872734934983,0.708676255289334,360.287872228083,9.16477539400278e-121
"566","Gamma",1.5,0.9,0.84,36,0.878848236202229,2.79034367152857,0.541997637731994,353.480822054981,2.74946635700935e-122
"567","Normal",2,0.9,0.84,36,0.910488521145693,2.08338952665357,0.820727313155799,335.168902395596,5.35604567566473e-131
"568","Gamma",2,0.9,0.84,36,0.927635800237164,5.87765843861278,0.340192450322833,315.603702245565,2.52370997334516e-139
"569","Normal",1.5,0.7,1.2,36,0.701428675887255,1.56980391862821,1.01570921037992,476.22699180807,7.19990582396777e-70
"570","Gamma",1.5,0.7,1.2,36,0.785997724523717,1.64073209611433,0.923673416642959,440.699545604775,1.03285099846985e-85
"571","Normal",2,0.7,1.2,36,0.649234956468732,2.07798093767533,1.26253056686146,523.586682465459,1.22953027463467e-51
"572","Gamma",2,0.7,1.2,36,0.684964826530915,3.04091861058202,0.608094239331059,484.931858790432,2.24858806978487e-69
"573","Normal",1.5,0.9,1.2,36,0.867532442050752,1.53188764863182,1.24839818115164,423.355514136527,8.81381004382559e-93
"574","Gamma",1.5,0.9,1.2,36,0.89981557339091,1.42684564158675,0.938778670191848,371.51101163192,8.5644912846896e-116
"575","Normal",2,0.9,1.2,36,0.904797431698761,1.95976171805121,1.22719513107095,400.930243083303,2.9739057498746e-102
"576","Gamma",2,0.9,1.2,36,0.878159309508618,3.22254025915542,0.613995062586786,384.54016406313,1.13712255151481e-109
"577","Normal",1.5,0.7,0.84,37,0.695419991562672,1.42174044132152,0.908809184819611,472.525025941509,1.90027925316129e-73
"578","Gamma",1.5,0.7,0.84,37,0.698622759216595,2.41855384835711,0.6190570468793,467.318373095282,4.39561156939879e-75
"579","Normal",2,0.7,0.84,37,0.724637271069302,1.97239939136548,1.04236422154712,471.883286153006,3.5481529143651e-73
"580","Gamma",2,0.7,0.84,37,0.712791931203249,6.72329440925131,0.300771197123061,445.876089217925,4.48149782239258e-85
"581","Normal",1.5,0.9,0.84,37,0.906941264288355,1.48958245163059,0.869174637476094,345.981911928534,1.97847638171535e-126
"582","Gamma",1.5,0.9,0.84,37,0.920515092147343,2.79033955477779,0.564623851340046,335.242142368108,5.19043722754349e-131
"583","Normal",2,0.9,0.84,37,0.866716432361439,1.95862516780964,0.811686094218742,361.517942630872,5.41417664998949e-119
"584","Gamma",2,0.9,0.84,37,0.92477245628262,5.4374362235051,0.363190504650146,317.843987447226,1.5862687105929e-137
"585","Normal",1.5,0.7,1.2,37,0.76476785640759,1.59985969566363,1.22954904918436,472.633042122523,2.91819924713051e-73
"586","Gamma",1.5,0.7,1.2,37,0.669715788216853,1.86550276608853,0.726907777335484,484.953791039823,2.96116229611092e-69
"587","Normal",2,0.7,1.2,37,0.722528785374493,1.97203795384482,1.15032986316816,487.993098037619,9.31445404322951e-68
"588","Gamma",2,0.7,1.2,37,0.643160257915055,3.3647903353438,0.575100453006592,498.233229823098,1.09712342746063e-61
"589","Normal",1.5,0.9,1.2,37,0.909238636240923,1.45523621795813,1.19769664535188,393.116167270605,1.17528882844507e-105
"590","Gamma",1.5,0.9,1.2,37,0.928958417667071,1.51595862886787,1.06871579377733,368.56400108436,1.24013064096416e-115
"591","Normal",2,0.9,1.2,37,0.866007999220061,1.89307315852817,1.15028414147355,413.888144883212,3.75348868560998e-97
"592","Gamma",2,0.9,1.2,37,0.947410724468827,2.66113028324376,0.747015477753071,353.029563467553,1.99572359338237e-122
"593","Normal",1.5,0.7,0.84,38,0.689736090588275,1.45815320440332,0.841263109933024,466.320000109529,1.78462080538247e-75
"594","Gamma",1.5,0.7,0.84,38,0.665800560201356,4.37074612706111,0.350855192892267,453.546195462414,2.10990784079241e-80
"595","Normal",2,0.7,0.84,38,0.737546562406868,2.00174061595749,0.825955456330379,445.454596402902,1.32345980087108e-86
"596","Gamma",2,0.7,0.84,38,0.651289232668847,6.18247806533052,0.306728870786916,469.389251840755,8.8861675079533e-74
"597","Normal",1.5,0.9,0.84,38,0.907334881088157,1.53965921857714,0.867843299098994,345.30405741642,2.45483367793264e-126
"598","Gamma",1.5,0.9,0.84,38,0.854068270590448,2.07164309337614,0.651005694199493,381.341574082286,8.81283041597947e-112
"599","Normal",2,0.9,0.84,38,0.88701595124516,2.15259244455723,0.777882580855179,342.300851576456,1.7970673080752e-127
"600","Gamma",2,0.9,0.84,38,0.883362598709403,5.86659707037089,0.335405831271831,342.350595069482,3.35507740759527e-127
"601","Normal",1.5,0.7,1.2,38,0.689215587787438,1.41952776180699,1.15493548298506,497.537973185445,2.53227283985121e-62
"602","Gamma",1.5,0.7,1.2,38,0.751169860003823,1.81541086441449,0.827467382164184,452.977459856403,4.65568999450214e-81
"603","Normal",2,0.7,1.2,38,0.703029410160254,2.03825543638525,1.10101166414706,490.583503309532,1.38868877517059e-66
"604","Gamma",2,0.7,1.2,38,0.722355285509106,3.07569044751321,0.702341575170649,481.835504504877,6.34258856214471e-69
"605","Normal",1.5,0.9,1.2,38,0.90941148583319,1.65044615029313,1.19214201040532,392.61494234846,4.71009726672892e-106
"606","Gamma",1.5,0.9,1.2,38,0.905039793290102,2.02423074827743,0.757970872842243,364.355191557777,7.66954635455752e-118
"607","Normal",2,0.9,1.2,38,0.921579469375299,1.9938637293457,1.20572822311628,390.29459197873,7.14615060169408e-108
"608","Gamma",2,0.9,1.2,38,0.895454274035503,2.49303112760767,0.804922346423127,394.175508710199,8.89677127100518e-106
"609","Normal",1.5,0.7,0.84,39,0.760260222637997,1.54458221113173,0.940144865705858,447.984983616177,2.11090035417539e-85
"610","Gamma",1.5,0.7,0.84,39,0.720335189921916,2.7804297709649,0.566375454366135,451.470824525784,9.49045948403707e-82
"611","Normal",2,0.7,0.84,39,0.695653096454062,1.93251265008886,0.837414868827197,462.963502945431,3.44765889848288e-77
"612","Gamma",2,0.7,0.84,39,0.671404332239061,5.46170410271886,0.358103189383192,467.013107141347,1.21269440985112e-74
"613","Normal",1.5,0.9,0.84,39,0.90263024984916,1.45017832666541,0.798877890608988,335.091537386135,3.84406971531696e-130
"614","Gamma",1.5,0.9,0.84,39,0.852514564969262,4.40884530774174,0.337393474823676,339.860022676892,1.59548804306695e-128
"615","Normal",2,0.9,0.84,39,0.872526515788732,1.93072217321822,0.860721225708506,366.913782647899,2.87386361076104e-117
"616","Gamma",2,0.9,0.84,39,0.916566518260708,5.03141694587659,0.385982078015392,328.854187521919,2.64669656107371e-133
"617","Normal",1.5,0.7,1.2,39,0.781661617573154,1.50777720343985,1.43088416205469,483.817832463425,1.07199054109256e-67
"618","Gamma",1.5,0.7,1.2,39,0.649884899765806,1.80479530157528,0.752298474126081,488.730935851693,3.03219050157414e-65
"619","Normal",2,0.7,1.2,39,0.73011179209836,2.09784007370814,1.27037793016765,488.418499913202,6.52607707634558e-65
"620","Gamma",2,0.7,1.2,39,0.702724391814365,2.44030428128526,0.807029019121738,494.150627394266,1.73830579472468e-66
"621","Normal",1.5,0.9,1.2,39,0.899288439185635,1.6046352086278,1.21161250904993,400.457847909753,3.68673060543527e-102
"622","Gamma",1.5,0.9,1.2,39,0.92081577099275,1.49621483741504,0.866103875006232,347.519202396969,6.64560045016061e-125
"623","Normal",2,0.9,1.2,39,0.874105145935691,1.91256741139864,1.17843961328614,408.66476452799,2.17391721822187e-98
"624","Gamma",2,0.9,1.2,39,0.926160775568834,2.59293968737661,0.81785484584548,378.931549027264,2.23832669819585e-111
"625","Normal",1.5,0.7,0.84,40,0.696367499392584,1.55064546451424,0.924300242508685,471.473852965113,3.34325584766396e-73
"626","Gamma",1.5,0.7,0.84,40,0.680494724000006,2.85796294718084,0.540673532381716,466.818975413924,7.89812998310474e-75
"627","Normal",2,0.7,0.84,40,0.695902221951811,1.9287060858914,0.81395928720839,459.114306347343,2.63167468632916e-78
"628","Gamma",2,0.7,0.84,40,0.726827025149214,5.34192405187502,0.375534325373972,446.954084246054,1.9526316264024e-84
"629","Normal",1.5,0.9,0.84,40,0.896536597790743,1.47709975949355,0.932913152886482,367.500065795843,3.23540284754772e-118
"630","Gamma",1.5,0.9,0.84,40,0.893420363784355,3.2207915046026,0.488677725928328,340.432725895545,2.4618717810351e-128
"631","Normal",2,0.9,0.84,40,0.927226986798529,2.02459628138636,0.824315196089281,322.39059941195,4.43163892704764e-136
"632","Gamma",2,0.9,0.84,40,0.905240461661278,6.08493363534748,0.324729971456388,325.491517446381,3.3251220709977e-134
"633","Normal",1.5,0.7,1.2,40,0.683651724020759,1.50468643983822,1.29440016087033,507.436280835495,8.00741354685484e-57
"634","Gamma",1.5,0.7,1.2,40,0.630633700728788,2.0509404780323,0.71869762487106,499.872766855228,3.63810656788771e-61
"635","Normal",2,0.7,1.2,40,0.718893431703547,2.15005033384669,1.17212059694894,487.319366100774,1.21075333399003e-66
"636","Gamma",2,0.7,1.2,40,0.685198998133007,2.99265623467077,0.715942671141626,498.42340025875,9.82978700034399e-63
"637","Normal",1.5,0.9,1.2,40,0.926012916612393,1.58641344185505,1.20713681588505,383.786863266286,4.83544083078134e-109
"638","Gamma",1.5,0.9,1.2,40,0.872759988295818,1.69508900875956,0.89664874317169,388.461952841314,4.21447429785272e-107
"639","Normal",2,0.9,1.2,40,0.902616126747421,1.81422912039937,1.19575513979688,398.4638470189,8.56104184348114e-104
"640","Gamma",2,0.9,1.2,40,0.86850175900207,2.59371750075614,0.76623772917647,402.030131031031,1.11611467311287e-101
"641","Normal",1.5,0.7,0.84,41,0.75397641078553,1.46348866825104,0.92978906399113,446.531469580622,1.22524421730728e-84
"642","Gamma",1.5,0.7,0.84,41,0.69604987227997,3.01143593384476,0.546698963450441,466.957437248633,2.08783239428619e-75
"643","Normal",2,0.7,0.84,41,0.660531958067785,1.95701897931389,0.895810158864061,488.681199584412,1.60819932512393e-67
"644","Gamma",2,0.7,0.84,41,0.708496128063086,6.30256958360578,0.31275511009689,446.360949042505,1.71793793279433e-84
"645","Normal",1.5,0.9,0.84,41,0.879147700589607,1.5497656680306,0.880944969359116,363.758051046906,1.29501178920554e-117
"646","Gamma",1.5,0.9,0.84,41,0.934364897404148,3.25576838441529,0.469868572800164,309.007908317272,2.93988481101047e-141
"647","Normal",2,0.9,0.84,41,0.940088266280157,1.94977355542498,0.803129829963398,309.912577146603,1.81753307214266e-141
"648","Gamma",2,0.9,0.84,41,0.893148837887982,6.25507460093634,0.299995119173766,327.915349342985,2.87968134248111e-134
"649","Normal",1.5,0.7,1.2,41,0.649323243703335,1.52196717037853,1.17469576621263,513.561146683314,1.25647380790529e-54
"650","Gamma",1.5,0.7,1.2,41,0.758438914571689,1.22013631351924,1.4399666607816,477.550471486317,2.85794909724896e-69
"651","Normal",2,0.7,1.2,41,0.717023931319937,1.91244327448438,1.21183465980599,493.133483044385,2.27913889675057e-64
"652","Gamma",2,0.7,1.2,41,0.71959220152402,2.53845311047735,0.750811940927506,477.21477392598,6.31499763769758e-71
"653","Normal",1.5,0.9,1.2,41,0.853210104916828,1.50924500850323,1.12316329440675,415.09132400436,7.74870766872058e-96
"654","Gamma",1.5,0.9,1.2,41,0.912901248154133,1.53313512468274,0.958558685429095,365.569153024632,3.30057727018133e-117
"655","Normal",2,0.9,1.2,41,0.845500922456185,1.79422834632757,1.10306676303463,415.908260996661,6.64763944090918e-96
"656","Gamma",2,0.9,1.2,41,0.877121592605685,2.56998060790154,0.722050262863869,393.231951490837,1.9658328670841e-107
"657","Normal",1.5,0.7,0.84,42,0.731511611999126,1.43972806140251,0.8029992168043,436.439991966322,1.03496204570245e-86
"658","Gamma",1.5,0.7,0.84,42,0.717963467862017,2.70303342879589,0.521122767515501,447.911768865325,9.23466910433551e-84
"659","Normal",2,0.7,0.84,42,0.692616835409677,2.0111722893001,0.753960895470434,455.366860285418,1.40598290891279e-80
"660","Gamma",2,0.7,0.84,42,0.670432839407721,7.20309605531955,0.262133422774734,455.82864642682,7.72242512810058e-81
"661","Normal",1.5,0.9,0.84,42,0.901744023498901,1.51186231632266,0.91446284612097,357.225648050765,6.05419206324801e-121
"662","Gamma",1.5,0.9,0.84,42,0.878081432569428,3.09139109092199,0.47095592119993,346.710745564216,4.83760527022502e-126
"663","Normal",2,0.9,0.84,42,0.93567335288297,1.94304191081211,0.882396654423161,326.953603081962,1.15268066359561e-133
"664","Gamma",2,0.9,0.84,42,0.866428466378893,6.79831725311494,0.284777002050667,342.880051518171,5.65455944927487e-127
"665","Normal",1.5,0.7,1.2,42,0.657749396551368,1.52445640356541,1.14822549351075,509.343785069333,2.07777946389949e-57
"666","Gamma",1.5,0.7,1.2,42,0.739058901247074,1.40205128095413,1.1949760180704,479.405023512078,1.30824915981947e-70
"667","Normal",2,0.7,1.2,42,0.696367953882301,2.01325994010374,1.08256130372049,485.896758448398,1.80559390126036e-66
"668","Gamma",2,0.7,1.2,42,0.695584729824778,2.96487533540406,0.650650115530511,479.633688169071,6.58975708535021e-70
"669","Normal",1.5,0.9,1.2,42,0.78864583931758,1.57412555840922,1.10759967416308,448.769241050913,5.54349940461266e-83
"670","Gamma",1.5,0.9,1.2,42,0.913061639603074,1.25903660948857,1.07015808083176,366.261147554464,1.95607266247608e-116
"671","Normal",2,0.9,1.2,42,0.877885218845481,2.01558924996169,1.23441352500848,417.429930421125,1.03150566422831e-95
"672","Gamma",2,0.9,1.2,42,0.882861343046473,3.10704479613825,0.636527552493881,383.497619991574,1.41733256457226e-109
"673","Normal",1.5,0.7,0.84,43,0.716607653140272,1.45215858989715,0.833807525887151,453.259201081639,1.42131455126142e-81
"674","Gamma",1.5,0.7,0.84,43,0.620687202740219,3.35201261029167,0.432175638213077,484.986549741755,6.61199849532392e-68
"675","Normal",2,0.7,0.84,43,0.728208342844019,1.92413168397928,0.931449101019489,455.423500750729,7.29776035645158e-79
"676","Gamma",2,0.7,0.84,43,0.70566810126227,7.00659797552018,0.288440511287956,448.329729869837,1.60899865559499e-84
"677","Normal",1.5,0.9,0.84,43,0.897943646293831,1.52184803948742,0.778198395581326,335.894669005732,2.58041913423808e-130
"678","Gamma",1.5,0.9,0.84,43,0.852955867162261,3.39797352396627,0.448676421190014,363.119582311176,1.23670831393252e-118
"679","Normal",2,0.9,0.84,43,0.893496356937825,1.98173509483018,0.838673515835968,351.673834618899,2.39593831125398e-124
"680","Gamma",2,0.9,0.84,43,0.941424865141058,7.33191298559519,0.276538965601395,291.296473462942,6.54835185035816e-150
"681","Normal",1.5,0.7,1.2,43,0.70884415148054,1.55257809744808,1.10235591520946,481.743708765964,2.56382086066183e-67
"682","Gamma",1.5,0.7,1.2,43,0.719816218537258,1.64635533947928,0.895837576914517,468.454337877863,2.70655021657654e-73
"683","Normal",2,0.7,1.2,43,0.760629559849341,1.9592092956837,1.17627994881201,470.52795791855,6.54021237049934e-74
"684","Gamma",2,0.7,1.2,43,0.679154872804642,2.3979173502397,0.819727267036201,498.09929832948,4.36824506169705e-61
"685","Normal",1.5,0.9,1.2,43,0.905656116495236,1.65821948657477,1.12814766039364,388.675554392119,1.81405246635964e-108
"686","Gamma",1.5,0.9,1.2,43,0.878835690954977,1.61607281006768,0.914025042144771,386.571831016281,1.14995707101746e-108
"687","Normal",2,0.9,1.2,43,0.909236296661054,1.93598396147558,1.21231232368907,394.02200709349,7.53220805454378e-105
"688","Gamma",2,0.9,1.2,43,0.881259279062252,2.90628815298704,0.7038936306227,396.272354545735,1.49580234882726e-104
"689","Normal",1.5,0.7,0.84,44,0.699633006573677,1.56643100606752,0.871084257928115,461.690295606251,1.41801175099949e-76
"690","Gamma",1.5,0.7,0.84,44,0.69629629301404,3.98553020177039,0.378388699496454,441.567329107396,4.20814339946457e-86
"691","Normal",2,0.7,0.84,44,0.726596660020637,2.01436769833334,0.693919174855595,428.026088144665,1.57727770649208e-91
"692","Gamma",2,0.7,0.84,44,0.713082690136618,4.7118800906957,0.410223902822242,449.183257496418,7.14248819095583e-82
"693","Normal",1.5,0.9,0.84,44,0.857146274840333,1.53032264151654,0.773911547679025,362.444125094637,1.92917082429185e-119
"694","Gamma",1.5,0.9,0.84,44,0.911937936114211,3.83658069143963,0.374872849939127,302.98597551136,2.4531325231518e-144
"695","Normal",2,0.9,0.84,44,0.884800395160026,1.95531769324259,0.896104998786855,364.418935427204,1.04714036738409e-117
"696","Gamma",2,0.9,0.84,44,0.888624698750345,5.96928270601093,0.321177043005827,335.903269208831,3.370526071358e-130
"697","Normal",1.5,0.7,1.2,44,0.750575738043325,1.50152604474825,1.13636963796771,469.213096703622,4.70225522554549e-74
"698","Gamma",1.5,0.7,1.2,44,0.709127245912051,1.62247012018348,0.88896160757311,474.27917571548,4.50544734989492e-72
"699","Normal",2,0.7,1.2,44,0.610610536662289,1.98843608915489,1.27986460733112,539.854752729431,8.14799537778723e-46
"700","Gamma",2,0.7,1.2,44,0.712798029751118,3.46782567159795,0.603023756179268,474.639175138502,3.35065239402014e-72
"701","Normal",1.5,0.9,1.2,44,0.916119476714492,1.49422223424607,1.15241138518282,382.500830631324,3.22436783124819e-110
"702","Gamma",1.5,0.9,1.2,44,0.908722498081418,1.74078096230736,0.887107614759946,370.112308920257,6.22341515938403e-115
"703","Normal",2,0.9,1.2,44,0.902509174292127,1.86262943686599,1.17989322681002,394.536677120105,5.96985072322986e-105
"704","Gamma",2,0.9,1.2,44,0.883373899988499,2.48284111545252,0.807361343014068,401.591309246475,2.18465587448372e-102
"705","Normal",1.5,0.7,0.84,45,0.67399541415348,1.46596108179842,0.831541842530228,473.621034893207,1.14543532179339e-72
"706","Gamma",1.5,0.7,0.84,45,0.754847324844755,3.10635074866539,0.468910013145498,423.815831249182,1.16268902964593e-94
"707","Normal",2,0.7,0.84,45,0.697467077661952,2.12920864753966,0.814014404931414,454.967496040065,5.43701416415811e-79
"708","Gamma",2,0.7,0.84,45,0.655318107076661,6.76318459918817,0.294459251681925,469.821923417371,4.98158690652702e-74
"709","Normal",1.5,0.9,0.84,45,0.885648858431468,1.4624685044613,0.717673590102827,332.940508864982,5.3727241054284e-132
"710","Gamma",1.5,0.9,0.84,45,0.933625279710841,2.99593584933139,0.495000432200438,310.45926901358,3.40998653371259e-141
"711","Normal",2,0.9,0.84,45,0.869665735491112,1.94136831470817,0.75935207696142,355.629958047155,1.23731699439409e-123
"712","Gamma",2,0.9,0.84,45,0.904361487476781,6.39749910816024,0.306414736497385,325.690462383239,4.85315607939103e-135
"713","Normal",1.5,0.7,1.2,45,0.614745056990266,1.55051318578345,1.28183929181532,535.58082335111,1.83111597866859e-46
"714","Gamma",1.5,0.7,1.2,45,0.67415076304159,1.93782958130237,0.850039940181441,496.524336281077,2.03978323278914e-63
"715","Normal",2,0.7,1.2,45,0.695794739210618,2.06190497110766,1.14804895993153,493.289707807613,1.24758282591371e-63
"716","Gamma",2,0.7,1.2,45,0.687327468147548,2.60391265287386,0.805820125490056,500.477223765712,3.07015996261617e-62
"717","Normal",1.5,0.9,1.2,45,0.938021825814918,1.36235779024728,1.19855579967105,375.360710639182,1.72123544315641e-112
"718","Gamma",1.5,0.9,1.2,45,0.891280447250417,1.39677571513129,1.04450304330797,386.006743263614,2.13683509482679e-108
"719","Normal",2,0.9,1.2,45,0.857239295419934,1.93161718069065,1.05858101464883,408.331187967533,2.50424928143871e-100
"720","Gamma",2,0.9,1.2,45,0.886963407383789,2.57859525732028,0.842518561126158,407.253442319538,2.41820805049296e-100
"721","Normal",1.5,0.7,0.84,46,0.692132784832269,1.47281310408364,0.90058377541707,469.704133582619,4.41465379093861e-73
"722","Gamma",1.5,0.7,0.84,46,0.716821844780602,3.52902929435006,0.429223338753997,437.527875384005,5.48407782208166e-88
"723","Normal",2,0.7,0.84,46,0.73335073476025,2.01112257969436,0.890243313795746,452.536620692724,2.8037710224853e-82
"724","Gamma",2,0.7,0.84,46,0.68681848175999,5.52536138782384,0.367761264429777,464.323948884854,8.20425424115663e-77
"725","Normal",1.5,0.9,0.84,46,0.909502765921072,1.3965527790582,0.836085668564365,338.402932141306,4.00952706467775e-129
"726","Gamma",1.5,0.9,0.84,46,0.930416667894548,3.33939066724963,0.462926247247095,309.165052746399,1.62247084153481e-141
"727","Normal",2,0.9,0.84,46,0.917039128959041,2.06580964312893,0.836779899683026,332.773533756664,2.00409524216467e-131
"728","Gamma",2,0.9,0.84,46,0.899511153433252,4.58337823152765,0.451253740783176,353.772038200038,7.53772570537603e-122
"729","Normal",1.5,0.7,1.2,46,0.711146684505043,1.50140137917423,1.14978690938492,491.64688920953,8.04944713653148e-66
"730","Gamma",1.5,0.7,1.2,46,0.671468172044508,1.85110956793753,0.808500525670463,486.659460397452,1.92707954855218e-66
"731","Normal",2,0.7,1.2,46,0.644859119893094,1.93800780326219,1.03952097202127,505.621853548362,6.85401668283511e-59
"732","Gamma",2,0.7,1.2,46,0.706834054448389,3.18475042865908,0.586899118525358,469.433987312519,5.11916298756197e-74
"733","Normal",1.5,0.9,1.2,46,0.919282445460523,1.43984800697203,1.29429441284377,398.440120655517,1.34446795684108e-102
"734","Gamma",1.5,0.9,1.2,46,0.877231465606953,1.76923029089651,0.843413452913601,384.551703123155,7.57357449732624e-109
"735","Normal",2,0.9,1.2,46,0.882779746266404,2.16972553665207,1.15569805470811,402.164580146485,2.96854353112018e-101
"736","Gamma",2,0.9,1.2,46,0.87728410096278,3.74960857349108,0.516077984737407,373.97830984529,6.22470674295772e-115
"737","Normal",1.5,0.7,0.84,47,0.703490958408837,1.54677400875827,0.794721279681422,454.32312211818,6.12172870038804e-81
"738","Gamma",1.5,0.7,0.84,47,0.665951882554343,4.70854955210158,0.307094790746992,447.398562011491,1.34735230268863e-84
"739","Normal",2,0.7,0.84,47,0.700986005912226,2.11146690241726,0.907395169327057,466.985738899792,1.0765488907589e-74
"740","Gamma",2,0.7,0.84,47,0.775540142955338,5.15802695020422,0.397805694988126,422.552370170149,8.33779103437054e-94
"741","Normal",1.5,0.9,0.84,47,0.925891333228301,1.3650192270898,0.890345142703825,335.355869770982,3.28678689032521e-130
"742","Gamma",1.5,0.9,0.84,47,0.931550996967594,3.84640237973687,0.379321916958253,291.11624641731,3.28161343905378e-149
"743","Normal",2,0.9,0.84,47,0.936814755080626,1.89318577595724,0.937749502915443,335.93858387,4.47968254144874e-130
"744","Gamma",2,0.9,0.84,47,0.913689299006673,5.2525589990541,0.388113273868333,333.934555470788,4.5089273106902e-131
"745","Normal",1.5,0.7,1.2,47,0.71568828219029,1.58232801613839,1.0976338362194,482.435333472686,5.49029579798807e-69
"746","Gamma",1.5,0.7,1.2,47,0.715502150541673,1.46054119576889,0.897150853272977,463.761832766128,2.12642473664657e-76
"747","Normal",2,0.7,1.2,47,0.742724618465781,1.93772520582783,1.3223583635138,487.630871978651,1.07501977535325e-64
"748","Gamma",2,0.7,1.2,47,0.673264915685933,3.13085191693915,0.600683838854226,483.803862504561,2.50244362786199e-67
"749","Normal",1.5,0.9,1.2,47,0.9298045323529,1.55497437740638,1.21405364008112,382.73896126885,2.22810862825069e-109
"750","Gamma",1.5,0.9,1.2,47,0.884406364597866,1.65591473318741,0.80602158585722,369.854797068124,1.08993028700848e-115
"751","Normal",2,0.9,1.2,47,0.907569820753686,2.06329541436739,1.25585731125698,401.667891568275,1.0447371751963e-101
"752","Gamma",2,0.9,1.2,47,0.914469541741737,2.42074100245213,0.814200446724933,381.308696008509,8.03078374042657e-111
"753","Normal",1.5,0.7,0.84,48,0.634515899504311,1.39836600557156,0.78677796055258,484.434320283537,1.69444931678537e-67
"754","Gamma",1.5,0.7,0.84,48,0.669333699269638,5.56747462697268,0.268757893663409,441.096868068521,4.52850667064451e-86
"755","Normal",2,0.7,0.84,48,0.696304362668195,2.02278164246276,0.964210120756292,478.207500640623,4.39086605542493e-71
"756","Gamma",2,0.7,0.84,48,0.772656831537289,5.75304727781946,0.356474394526145,417.527002133111,6.39194630488716e-96
"757","Normal",1.5,0.9,0.84,48,0.920466704996168,1.46084251105439,0.903411686008317,340.956851484142,2.09554934756817e-127
"758","Gamma",1.5,0.9,0.84,48,0.879378707408254,3.48544908386219,0.447301514678792,346.374605321995,1.26739709435947e-126
"759","Normal",2,0.9,0.84,48,0.87580231465137,2.0781564870341,0.874345114145617,368.841522933157,1.48715266271823e-116
"760","Gamma",2,0.9,0.84,48,0.951095461370976,5.80493887582306,0.367388188127455,306.425413530196,2.23085913400731e-142
"761","Normal",1.5,0.7,1.2,48,0.761372554412502,1.33312414826679,1.50575056232137,499.319626513832,5.44845127876921e-62
"762","Gamma",1.5,0.7,1.2,48,0.692656748989337,1.5918393160965,0.836252369931727,477.847601628062,4.9617413135689e-72
"763","Normal",2,0.7,1.2,48,0.703422457257838,1.9764420893966,1.10632292709117,488.073392969375,2.79545589503698e-66
"764","Gamma",2,0.7,1.2,48,0.685877384698466,3.19037361573324,0.614528501321138,481.639866565603,5.45592062909473e-68
"765","Normal",1.5,0.9,1.2,48,0.906366191277299,1.3878327371133,1.13317072989266,387.682511250188,1.54879972446223e-108
"766","Gamma",1.5,0.9,1.2,48,0.912893536806252,1.14562467780887,1.38529055375014,387.530401209021,5.80945838811279e-108
"767","Normal",2,0.9,1.2,48,0.888886498669391,2.07995876167789,1.21512312810976,410.917295113217,1.21166364217634e-99
"768","Gamma",2,0.9,1.2,48,0.931821147049331,3.14686134615642,0.611354605907373,348.120501081478,7.49353598518558e-125
"769","Normal",1.5,0.7,0.84,49,0.706591999801439,1.50930180815677,0.831720165780416,460.044499791927,6.40269038991241e-80
"770","Gamma",1.5,0.7,0.84,49,0.665299865692077,3.71969309959185,0.363993463918341,454.029161812177,1.43115682794711e-81
"771","Normal",2,0.7,0.84,49,0.645964067827682,2.23452873208469,0.844789180083121,486.603448600568,6.46930457658532e-67
"772","Gamma",2,0.7,0.84,49,0.677197323239368,6.43683903236446,0.314975651227214,462.547990239853,4.53493851901523e-77
"773","Normal",1.5,0.9,0.84,49,0.922916789949363,1.55708722135891,0.898001426119055,341.425423554461,3.21632444385636e-128
"774","Gamma",1.5,0.9,0.84,49,0.921915246847091,3.19140254702907,0.455155504570616,312.890543429489,1.09298546671663e-139
"775","Normal",2,0.9,0.84,49,0.894382318616924,1.93419861005502,0.807827313230926,342.212169297912,2.18374422914655e-127
"776","Gamma",2,0.9,0.84,49,0.902884743808333,6.1820762885846,0.317242046224596,324.998285874503,1.08655696388096e-134
"777","Normal",1.5,0.7,1.2,49,0.745388319500546,1.43056777307636,1.1880792169562,475.008122379905,9.80615556401442e-71
"778","Gamma",1.5,0.7,1.2,49,0.657621819061282,1.53235823160068,1.13758395991328,512.071860752005,8.62258193209524e-56
"779","Normal",2,0.7,1.2,49,0.689946625688094,1.96235881537672,1.0621053098772,488.001253244161,1.44008506171712e-65
"780","Gamma",2,0.7,1.2,49,0.7236097569928,2.33147111025911,0.922171578832868,488.465774821856,4.20771693973514e-65
"781","Normal",1.5,0.9,1.2,49,0.937747681955463,1.42157840560916,1.20504137693764,375.975292338132,2.43289194551732e-112
"782","Gamma",1.5,0.9,1.2,49,0.865771735246141,1.96151732890902,0.676273331349473,370.994139048324,5.89769897567294e-115
"783","Normal",2,0.9,1.2,49,0.90869858648854,1.92035717237013,1.11268302258205,382.118754324204,4.67423590237952e-110
"784","Gamma",2,0.9,1.2,49,0.921271175781002,2.60819321744538,0.744401407192928,367.448219591306,2.96870749512268e-116
"785","Normal",1.5,0.7,0.84,50,0.718592712301846,1.71063206529536,0.883676268773567,455.691186329112,1.02702319282396e-79
"786","Gamma",1.5,0.7,0.84,50,0.688075974674132,2.62775996345103,0.649828812611309,480.774793195907,1.49118198874703e-69
"787","Normal",2,0.7,0.84,50,0.728069718987505,2.05823317000646,0.882507995111071,457.951214333727,1.28192322292724e-81
"788","Gamma",2,0.7,0.84,50,0.63173646480585,8,0.256690500169464,468.646241567875,4.82043518993268e-74
"789","Normal",1.5,0.9,0.84,50,0.955307168506666,1.53016613409686,0.818213007511948,301.188366075883,1.34427068688512e-145
"790","Gamma",1.5,0.9,0.84,50,0.904573426868533,3.71714728813962,0.417800476188894,324.652269130853,4.83358740053491e-135
"791","Normal",2,0.9,0.84,50,0.902345044101735,1.9521883926076,0.813022765960823,340.185701122357,7.21383288729453e-129
"792","Gamma",2,0.9,0.84,50,0.928524243236199,5.45481325522758,0.323578834407168,298.235912644295,1.50751847670747e-146
"793","Normal",1.5,0.7,1.2,50,0.747779677480045,1.65979787361588,1.25915369881504,482.492335795591,6.24416450686506e-68
"794","Gamma",1.5,0.7,1.2,50,0.634336834734945,1.7064059087897,1.03285628555095,519.67787650961,7.22826260175516e-53
"795","Normal",2,0.7,1.2,50,0.723808711394036,2.0555812083555,1.15421900496109,482.392885527066,4.40498249939705e-68
"796","Gamma",2,0.7,1.2,50,0.711957630799264,2.34883539123612,0.791175503008109,484.901654709837,4.90065561881505e-69
"797","Normal",1.5,0.9,1.2,50,0.951171969817948,1.38022567255443,1.20441795342227,366.324394178283,1.24089660056563e-116
"798","Gamma",1.5,0.9,1.2,50,0.916584835325752,1.33597114548801,1.31580913151656,397.616735351322,5.54066386632731e-104
"799","Normal",2,0.9,1.2,50,0.913940517117563,1.89074657543493,1.30982812329337,403.55855554272,1.70088503557148e-100
"800","Gamma",2,0.9,1.2,50,0.915038425061633,2.83877252226053,0.679537733228161,364.319069925011,8.63315732976445e-118
